TIC#,HIP#,"Comp (from CCDM, WDS, or assigned)",HD#,HR#,GJ#,ID/Con,CommonID,DistPc,plx,eplx,Ref_plx,_RAJ2000,_DEJ2000,Vmag,eVmag,Ref,B-V,eB-V,Ref,Rcmag,refRcmag,SpT,Ref_SpT,Teff,eTeff,ref_Teff,log(L/Lsun),e_logL,ref(logL),R*[Rsun],Diam*[mas],Msun,met,e_met,metratio,ref_met,log(g),elog(g),ref_logg,logR'HK,RefR'HK,EEIDau,EEIDmas,Contrast,Rcmag(EarthTwin),P(day),K(cm/s),a(uas),WDS_J,Comp_WDS,"Sep""",Del(Mag),sy_disksflag,ref_disk,groupflag
tic_id,hip_name,hip_compname,hd_name,hr_name,gj_name,constellation,hostname,sy_dist,sy_plx,sy_plxerr,sy_plx_reflink,ra,dec,sy_vmag,sy_vmagerr,sy_vmag_reflink,sy_bvmag,sy_bvmagerr,sy_bvmag_reflink,sy_rcmag,sy_rcmag_reflink,st_spectype,st_spectype_reflink,st_teff,st_tefferr,st_teff_reflink,st_lum,st_lumerr,st_lum_reflink,st_rad,st_diam,st_mass,st_met,st_meterr,st_metratio,st_met_reflink,st_logg,st_loggerr,st_logg_reflink,st_log_rhk,st_log_rhk_reflink,st_eei_orbsep,st_eei_angsep,st_etwin_bratio,st_etwin_rcmag,st_eei_orbper,st_etwin_rvamp,st_etwin_astamp,wds_designation,wds_comp,wds_sep,wds_deltamag,sy_disks_flag,sy_disks_flag_reflink,target_group
TIC_238432056,HIP_544_,_,HD_166_,HR_8_,GJ_5_,V439_And,V439_Andromedae,13.7662,72.6419,0.0292,2022yCat.1355....0G,1.65326670,29.02150353,6.093,0.003,1998A&AS..129..431H,0.752,0.003,1997HIP...C......0E,5.630,2010PASP..122.1437P,G8V,2003AJ....126.2048G,5491,18,2022A&A...663A...4S,-0.1889,0.0104,2019AJ....158..138S,0.889,0.601,0.94,0.110,0.010,[Fe/H],2022A&A...663A...4S,4.550,0.030,2022A&A...663A...4S,-4.384,2010ApJ...725..875I,0.805,58.44,1.79E-10,30.00,271.9,10.35,0.187,00066+2901,A,10.20,12.6,Y,2008ApJ...674.1086T,B
TIC_289673491,HIP_910_,_,HD_693_,HR_33_,GJ_10_,6_Cet,6_Ceti,18.8861,52.9489,0.0958,2022yCat.1355....0G,2.81607516,-15.46797792,4.895,0.009,1997yCat.2168....0M,0.492,0.002,1997yCat.2168....0M,4.575,1980SAAOC...1..166C,F8V_Fe-0.8_CH-0.5,2006AJ....132..161G,6190,13,2022A&A...663A...4S,0.4767,0.0153,2019AJ....158..138S,1.505,0.741,1.18,-0.360,0.020,[Fe/H],2022A&A...663A...4S,4.090,0.030,2022A&A...663A...4S,-4.962,2009A&A...493.1099S,1.731,91.66,3.86E-11,30.61,765.9,6.30,0.233,_,_,_,_,N,_,A
TIC_70847587,HIP_950_,_,HD_739_,HR_35_,GJ_3013_,tet_Scl,Theta_Sculptoris,21.7191,46.0425,0.0961,2022yCat.1355....0G,2.93342115,-35.13311471,5.241,0.009,1998A&AS..129..431H,0.459,0.002,1997HIP...C......0E,4.951,estimated,F5V,2006AJ....132..161G,6495,85,2013ApJ...764...78R,0.4814,0.0177,2019AJ....158..138S,1.375,0.589,1.33,-0.110,0.040,[Fe/H],2013ApJ...764...78R,4.300,0.030,2013ApJ...764...78R,-4.715,2006AJ....132..161G,1.741,80.14,3.82E-11,31.00,727.3,5.92,0.181,_,_,_,_,N,_,C
TIC_425935521,HIP_1599_,_,HD_1581_,HR_77_,GJ_17_,zet_Tuc,Zeta_Tucanae,8.6071,116.1826,0.1334,2022yCat.1355....0G,5.01774431,-64.87479366,4.223,0.003,1998A&AS..129..431H,0.572,0.006,1997yCat.2168....0M,3.885,1980SAAOC...1..166C,F9.5V,2006AJ....132..161G,5932,12,2022A&A...663A...4S,0.1010,0.0134,2019AJ....158..138S,1.063,1.149,1.11,-0.210,0.010,[Fe/H],2022A&A...663A...4S,4.430,0.020,2022A&A...663A...4S,-4.839,1996AJ....111..439H,1.123,130.51,9.17E-11,28.98,412.8,8.06,0.353,_,_,_,_,Y,2008ApJ...674.1086T,B
TIC_267211065,HIP_2021_,_,HD_2151_,HR_98_,GJ_19_,bet_Hyi,Beta_Hydri,7.4588,134.0700,0.1100,2007A&A...474..653V,6.43779316,-77.25424612,2.820,0.010,1997HIP...C......0E,0.617,0.005,1997yCat.2168....0M,2.445,1980SAAOC...1..166C,G0V,2006AJ....132..161G,5806,18,2022A&A...663A...4S,0.5420,0.0120,2005ApJS..159..141V,1.844,2.300,1.08,-0.120,0.020,[Fe/H],2022A&A...663A...4S,4.000,0.030,2022A&A...663A...4S,-4.996,1996AJ....111..439H,1.866,250.23,3.32E-11,28.64,896.2,6.34,0.696,_,_,_,_,N,_,C
TIC_434210589,HIP_3093_,A,HD_3651_A,HR_166_A,GJ_27A,54_Psc_A,54_Piscium_A,11.1081,90.0248,0.0482,2022yCat.1355....0G,9.84085580,21.25047581,5.863,0.013,1998A&AS..129..431H,0.851,0.008,1997A&AS..124..349M,5.420,2010PASP..122.1437P,K0.5V,1989ApJS...71..245K,5203,23,2022A&A...663A...4S,-0.2741,0.0090,2019AJ....158..138S,0.898,0.752,0.86,0.140,0.020,[Fe/H],2022A&A...663A...4S,4.470,0.030,2022A&A...663A...4S,-4.991,1996ApJ...457L..99B,0.729,65.66,2.18E-10,29.58,245.3,11.36,0.229,00394+2115,A,42.90,12.32,N,_,B
TIC_80431620,HIP_3583_,A,HD_4391_,HR_209_,GJ_1021_,_,HR_209,15.0487,66.4509,0.0446,2022yCat.1355....0G,11.43997054,-47.55198407,5.795,0.000,1998A&AS..129..431H,0.635,0.003,1997HIP...C......0E,5.420,2010PASP..122.1437P,G5V_Fe-0.8_CH-1,2006AJ....132..161G,5887,33,2022A&A...663A...4S,-0.0346,0.0118,2019AJ....158..138S,0.924,0.571,0.98,-0.040,0.030,[Fe/H],2022A&A...663A...4S,4.650,0.090,2022A&A...663A...4S,-4.550,1996AJ....111..439H,0.961,63.85,1.25E-10,30.17,347.5,9.27,0.196,00458-4733,A,16.40,7.64,N,_,B
TIC_257393898,HIP_3765_,_,HD_4628_,HR_222_,GJ_33_,_,HR_222,7.4352,134.4948,0.0578,2022yCat.1355....0G,12.09573323,5.28061375,5.729,0.001,1998A&AS..129..431H,0.890,0.008,1997HIP...C......0E,5.210,1980SAAOC...1..166C,K2V,2003AJ....126.2048G,5007,20,2022A&A...663A...4S,-0.5226,0.0113,2019AJ....158..138S,0.728,0.911,0.78,-0.260,0.010,[Fe/H],2022A&A...663A...4S,4.620,0.030,2022A&A...663A...4S,-4.852,1996ApJ...457L..99B,0.548,73.69,3.85E-10,28.75,167.7,13.77,0.284,00484+0517,A,_,_,N,_,A
TIC_445258206,HIP_3821_,A,HD_4614_A,HR_219_A,GJ_34A_,eta_Cas_A,Achird,5.0098,199.6080,0.1208,2022yCat.1355....0G,12.27622748,57.81517729,3.444,0.007,1997A&AS..124..349M,0.587,0.003,1997HIP...C......0E,3.097,estimated,F9V,1989ApJS...71..245K,5907,12,2022A&A...663A...4S,0.0976,0.0066,2012ApJ...757..112B,1.068,1.983,1.14,-0.280,0.010,[Fe/H],2022A&A...663A...4S,4.410,0.020,2022A&A...663A...4S,-4.949,2010ApJ...725..875I,1.119,223.35,9.24E-11,28.18,404.9,7.97,0.588,00491+5749,A,13.60,3.84,N,_,A
TIC_3962869,HIP_3909_,_,HD_4813_,HR_235_,GJ_37_,19_Cet,19_Ceti,15.9230,62.8022,0.0951,2022yCat.1355....0G,12.53162068,-10.64432885,5.176,0.002,1998A&AS..129..431H,0.514,0.011,1997HIP...C......0E,4.850,1980SAAOC...1..166C,F7V,2003AJ....126.2048G,6208,15,2022A&A...663A...4S,0.2506,0.0152,2019AJ....158..138S,1.153,0.674,1.21,-0.120,0.010,[Fe/H],2022A&A...663A...4S,4.390,0.030,2022A&A...663A...4S,-4.865,2010ApJ...725..875I,1.334,83.80,6.50E-11,30.32,511.8,7.08,0.208,_,_,_,_,N,_,A
TIC_285544488,HIP_4151_,_,HD_5015_,HR_244_,GJ_41_,_,GJ_41,18.8007,53.1896,0.1273,2018A&A...616A...1G,13.26748600,61.12397000,4.800,0.010,1997HIP...C......0E,0.540,0.008,1997HIP...C......0E,4.497,Johnson66*,F8V,2001AJ....121.2148G,6105,23,2022A&A...663A...4S,0.5355,0.0077,2012ApJ...757..112B,1.656,0.819,1.18,0.050,0.020,[Fe/H],2022A&A...663A...4S,4.110,0.050,2022A&A...663A...4S,-4.398,2018A&A...616A.108B,1.853,98.54,3.37E-11,30.68,847.8,6.09,0.251,,A,13.50,6.16,N,_,C
TIC_229092427,HIP_5862_,_,HD_7570_,HR_370_,GJ_55_,nu_Phe,Nu_Phoenicis,15.2609,65.5270,0.0704,2022yCat.1355....0G,18.79633928,-45.53166461,4.966,0.002,1998A&AS..129..431H,0.571,0.006,1997yCat.2168....0M,4.640,1980SAAOC...1..166C,F9V_Fe+0.4,2006AJ....132..161G,6110,12,2022A&A...663A...4S,0.3018,0.0141,2019AJ....158..138S,1.263,0.770,1.14,0.160,0.010,[Fe/H],2022A&A...663A...4S,4.340,0.030,2022A&A...663A...4S,-4.950,1996AJ....111..439H,1.415,92.75,5.78E-11,30.24,576.1,7.08,0.244,_,_,_,_,Y,2016A&A...593A..51M,B
TIC_52194638,HIP_5896_,A,HD_7788_A,HR_377_A,GJ_9049A,kap_Tuc_A,Kappa_Tucanae_A,23.2606,42.9912,1.0581,2022yCat.1355....0G,18.94203793,-68.87594481,4.912,0.008,2001KFNT...17e.409K,0.401,_,2022yCat.1355....0G,4.662,estimated,F5V,2006AJ....132..161G,6436,5,2022yCat.1355....0G,0.5911,0.0073,2018A&A...616A...1G,1.588,0.635,1.35,0.030,0.050,[Fe/H],2016ApJ...826..171G,4.021,0.037,2022yCat.1355....0G,-4.272,2020ApJ...898...27S,1.975,84.90,2.97E-11,30.98,872.4,5.51,0.189,01158-6853,A,4.60,2.66,N,_,C
TIC_189576919,HIP_7513_,A,HD_9826_A,HR_458_A,GJ_61A,ups_And_A,Titawin,13.4916,74.1200,0.1900,2007A&A...474..653V,24.19933977,41.40545871,4.100,0.010,1997HIP...C......0E,0.536,0.007,1997HIP...C......0E,3.772,estimated,F8V,2001AJ....121.2148G,6154,10,2022A&A...663A...4S,0.5254,0.0154,2019AJ....158..138S,1.611,1.110,1.18,0.080,0.010,[Fe/H],2022A&A...663A...4S,4.170,0.020,2022A&A...663A...4S,-4.980,2010ApJ...725..875I,1.831,135.72,3.45E-11,29.93,833.1,6.12,0.345,01368+4124,A,55.60,9.45,N,_,C
TIC_231005052,HIP_7751_,B,HD_10361_,HR_486_,GJ_66B,p_Eri_B,p_Eridani_B,8.1894,122.1088,0.0365,2022yCat.1355....0G,24.94818630,-56.19644811,5.876,0.013,1995AJ....109.2828T,0.899,0.009,2001KFNT...17e.409K,5.377,estimated,K2V,2006AJ....132..161G,5111,34,2022A&A...663A...4S,-0.5230,_,estimated,0.698,0.793,0.77,-0.190,0.030,[Fe/H],2022A&A...663A...4S,4.630,0.060,2022A&A...663A...4S,-4.881,1996AJ....111..439H,0.548,66.87,3.86E-10,28.91,168.7,13.86,0.261,01398-5612,B,11.30,-0.12,N,_,A
TIC_231005905,HIP_7751_,A,HD_10360_,HR_487_,GJ_66A_,p_Eri_A,p_Eridani_A,8.1965,122.0035,0.0319,2022yCat.1355....0G,24.94921957,-56.19331786,5.764,0.012,1995AJ....109.2828T,0.858,0.016,2001KFNT...17e.409K,5.262,estimated,K2V,2006AJ....132..161G,5025,21,2022A&A...663A...4S,-0.4790,_,estimated,0.760,0.862,0.78,-0.240,0.020,[Fe/H],2022A&A...663A...4S,4.600,0.050,2022A&A...663A...4S,-4.753,1996AJ....111..439H,0.576,70.29,3.49E-10,28.91,180.8,13.43,0.271,01398-5612,A,11.30,0.12,N,_,A
TIC_229137615,HIP_7978_,_,HD_10647_,HR_506_,GJ_3109_,q1_Eri,q1_Eridani,17.3488,57.6409,0.0453,2022yCat.1355....0G,25.62214382,-53.74083096,5.520,0.010,1997HIP...C......0E,0.551,0.003,1997HIP...C......0E,5.210,2010PASP..122.1437P,F9V,1989ApJS...71..245K,6155,17,2022A&A...663A...4S,0.1904,0.0139,2019AJ....158..138S,1.095,0.587,1.14,-0.040,0.010,[Fe/H],2022A&A...663A...4S,4.440,0.030,2022A&A...663A...4S,-4.675,2006AJ....132..161G,1.245,71.77,7.47E-11,30.53,475.3,7.55,0.189,_,_,_,_,Y,2006ApJ...636.1098B,C
TIC_113710966,HIP_7981_,_,HD_10476_,HR_493_,GJ_68_,107_Psc,107_Piscium,7.6439,130.8234,0.1532,2022yCat.1355....0G,25.62401052,20.26851268,5.241,0.003,1998A&AS..129..431H,0.836,0.008,1997HIP...C......0E,4.780,2010PASP..122.1437P,K1V,1989ApJS...71..245K,5204,11,2022A&A...663A...4S,-0.3434,0.0096,2019AJ....158..138S,0.828,1.008,0.85,-0.040,0.010,[Fe/H],2022A&A...663A...4S,4.490,0.030,2022A&A...663A...4S,-4.912,1996ApJ...457L..99B,0.673,88.10,2.55E-10,28.76,218.9,11.90,0.311,01425+2016,A,54.10,6.36,N,_,A
TIC_419015728,HIP_8102_,_,HD_10700_,HR_509_,GJ_71_,tau_Cet,Tau_Ceti,3.6522,273.8097,0.1701,2022yCat.1355....0G,26.01701307,-15.93747989,3.496,0.003,1998A&AS..129..431H,0.727,0.007,1997HIP...C......0E,3.065,1980SAAOC...1..166C,G8V,1989ApJS...71..245K,5356,11,2022A&A...663A...4S,-0.2961,0.0100,2019AJ....158..138S,0.826,2.103,0.94,-0.510,0.010,[Fe/H],2022A&A...663A...4S,4.530,0.030,2022A&A...663A...4S,-4.958,1996ApJ...457L..99B,0.711,194.72,2.29E-10,27.17,225.9,11.01,0.622,01441-1556,A,160.50,10.32,Y,2018MNRAS.475.3046S,B
TIC_373694425,HIP_8362_,_,HD_10780_,HR_511_,GJ_75_,V987_Cas ,V987_Cassiopeiae,10.0411,99.5902,0.0438,2022yCat.1355....0G,26.93681015,63.85250306,5.626,0.006,1998A&AS..129..431H,0.804,0.010,1997HIP...C......0E,5.230,2010PASP..122.1437P,G9V,2003AJ....126.2048G,5358,11,2022A&A...663A...4S,-0.2874,0.0084,2012ApJ...757..112B,0.834,0.772,0.90,0.030,0.020,[Fe/H],2022A&A...663A...4S,4.480,0.030,2022A&A...663A...4S,-4.681,1996ApJ...457L..99B,0.718,71.54,2.24E-10,29.35,234.4,11.19,0.239,01477+6351,A,10.20,6.86,N,_,A
TIC_72748794,HIP_10798_,_,HD_14412_,HR_683_,GJ_95_,_,HR_683,12.8347,77.9140,0.0295,2022yCat.1355....0G,34.74376992,-25.94568716,6.336,0.005,1998A&AS..129..431H,0.724,0.003,1997HIP...C......0E,5.970,2010PASP..122.1437P,G8V,2006AJ....132..161G,5401,14,2022A&A...663A...4S,-0.3509,0.0093,2019AJ....158..138S,0.762,0.553,0.94,-0.490,0.010,[Fe/H],2022A&A...663A...4S,4.590,0.030,2022A&A...663A...4S,-4.850,2004ApJS..152..261W,0.668,52.02,2.60E-10,29.93,205.5,11.36,0.166,_,_,_,_,N,_,C
TIC_166853853,HIP_12653_,_,HD_17051_,HR_810_,GJ_108_,iot_Hor,Iota_Horologii,17.3572,57.6131,0.0383,2022yCat.1355....0G,40.63944445,-50.80029309,5.395,0.001,1998A&AS..129..431H,0.561,0.007,1997HIP...C......0E,5.085,1980SAAOC...1..166C,F9V_Fe+0.3,2006AJ....132..161G,6157,18,2022A&A...663A...4S,0.2399,0.0142,2019AJ....158..138S,1.158,0.621,1.14,0.150,0.020,[Fe/H],2022A&A...663A...4S,4.430,0.030,2022A&A...663A...4S,-4.585,2009A&A...493.1099S,1.318,75.94,6.66E-11,30.53,517.6,7.34,0.200,_,_,_,_,N,_,B
TIC_302158903,HIP_12777_,A,HD_16895_A,HR_799_,GJ_107A_,tet_Per_A,Theta_Persei_A,11.1501,89.6850,0.1638,2022yCat.1355....0G,41.04994423,49.22844852,4.100,0.010,1997HIP...C......0E,0.514,0.002,1997HIP...C......0E,3.795,estimated,F7V,2001AJ....121.2148G,6263,67,2022A&A...663A...4S,0.3515,0.0101,2017ApJ...836...77Y,1.273,1.062,1.21,0.010,0.010,[Fe/H],2022A&A...663A...4S,4.390,0.040,2022A&A...663A...4S,-4.970,2004ApJS..152..261W,1.499,134.43,5.15E-11,29.52,609.3,6.68,0.334,02442+4914,A,21.20,5.84,N,_,A
TIC_326242565,HIP_12843_,_,HD_17206_,HR_818_,GJ_111_,1_Eri,1_Eridani,14.2764,70.0459,0.1599,2022yCat.1355....0G,41.27582834,-18.57262283,4.465,0.007,1997yCat.2168....0M,0.479,0.011,1997yCat.2168....0M,4.172,1980SAAOC...1..166C,F7V,2009ApJS..180..117A,6330,52,2022A&A...663A...4S,0.4178,0.0171,2019AJ....158..138S,1.345,0.876,1.21,0.070,0.050,[Fe/H],2022A&A...663A...4S,4.360,0.090,2022A&A...663A...4S,-4.461,2018A&A...616A.108B,1.618,113.32,4.42E-11,30.06,683.3,6.43,0.281,_,_,_,_,N,_,A
TIC_30016911,HIP_13402_,_,HD_17925_,HR_857_,GJ_117_,EP_Eri,EP_Eridani,10.3605,96.5200,0.0258,2022yCat.1355....0G,43.13386744,-12.76971335,6.038,0.012,1998A&AS..129..431H,0.867,0.008,1997yCat.2168....0M,5.525,1980SAAOC...1..166C,K1.5V(k),2006AJ....132..161G,5199,20,2022A&A...663A...4S,-0.3969,0.0097,2019AJ....158..138S,0.780,0.701,0.82,0.070,0.010,[Fe/H],2022A&A...663A...4S,4.550,0.020,2022A&A...663A...4S,-4.311,1996ApJ...457L..99B,0.633,61.12,2.89E-10,29.37,203.2,12.49,0.224,02525-1246,A,15.40,13.3,Y,2008ApJ...674.1086T,B
TIC_116988032,HIP_14632_,_,HD_19373_,HR_937_,GJ_124_,iot_Per,Iota_Persei,10.5774,94.5412,0.1448,2022yCat.1355....0G,47.26674709,49.61327835,4.050,0.010,1997HIP...C......0E,0.595,0.007,1997HIP...C......0E,3.710,2010PASP..122.1437P,G0V,1989ApJS...71..245K,5952,12,2013ApJ...764...78R,0.3484,0.0134,2019AJ....158..138S,1.404,1.235,1.08,0.090,0.010,[Fe/H],2022A&A...663A...4S,4.220,0.020,2022A&A...663A...4S,-5.028,2010ApJ...725..875I,1.494,141.20,5.19E-11,29.42,641.5,7.09,0.393,03091+4937,A,154.40,8.35,N,_,A
TIC_88523071,HIP_14879_,A,HD_20010_A,HR_963_A,GJ_127A_,alf_For,Dalim,13.9990,71.4337,0.1320,2022yCat.1355....0G,48.01887418,-28.98762199,3.800,0.010,1997HIP...C......0E,0.543,0.015,1997HIP...C......0E,3.540,1980SAAOC...1..166C,F6V,2006AJ....132..161G,6195,50,2022A&A...663A...4S,0.6284,0.0151,2019AJ....158..138S,1.790,1.189,1.25,-0.220,0.050,[Fe/H],2022A&A...663A...4S,3.950,0.100,2022A&A...663A...4S,-4.833,2018A&A...616A.108B,2.062,147.27,2.72E-11,29.95,967.0,5.61,0.354,03121-2859,A,5.40,3.21,N,_,C
TIC_279649057,HIP_15330_,_,HD_20766_,HR_1006_,GJ_136_,zet1_Ret,Zeta1_Reticuli,12.0447,83.0240,0.0438,2022yCat.1355....0G,49.44234773,-62.57532013,5.513,0.004,1998A&AS..129..431H,0.641,0.007,1997HIP...C......0E,5.160,1980SAAOC...1..166C,G2IV,1989ApJS...71..245K,5710,13,2022A&A...663A...4S,-0.1000,0.0115,2019AJ....158..138S,0.911,0.703,1.01,-0.230,0.020,[Fe/H],2022A&A...663A...4S,4.500,0.030,2022A&A...663A...4S,-4.646,1996AJ....111..439H,0.891,74.00,1.46E-10,29.75,305.8,9.49,0.220,03182-6230,B,309.10,-0.27,N,_,A
TIC_279649049,HIP_15371_,_,HD_20807_,HR_1010_,GJ_138_,zet2_Ret_,Zeta2_Reticuli,12.0394,83.0606,0.0608,2022yCat.1355....0G,49.55341201,-62.50636242,5.232,0.001,1998A&AS..129..431H,0.600,0.009,1997HIP...C......0E,4.885,1980SAAOC...1..166C,G1V,1989ApJS...71..245K,5847,13,2022A&A...663A...4S,0.0073,0.0119,2019AJ....158..138S,0.983,0.759,1.07,-0.230,0.010,[Fe/H],2022A&A...663A...4S,4.460,0.020,2022A&A...663A...4S,-4.787,1996AJ....111..439H,1.008,83.77,1.14E-10,29.74,357.6,8.66,0.235,03182-6230,A,309.10,0.27,N?,_,A
TIC_343813545,HIP_15457_,_,HD_20630_,HR_996_,GJ_137_,kap1_Cet,Kappa1_Ceti,9.2762,107.8023,0.1838,2022yCat.1355....0G,49.84040134,3.37019865,4.850,0.008,1998A&AS..129..431H,0.681,0.006,1997HIP...C......0E,4.438,1980SAAOC...1..166C,G5V,1989ApJS...71..245K,5709,11,2022A&A...663A...4S,-0.0669,0.0117,2019AJ....158..138S,0.946,0.949,0.98,0.040,0.010,[Fe/H],2022A&A...663A...4S,4.510,0.020,2022A&A...663A...4S,-4.420,1996ApJ...457L..99B,0.926,99.81,1.35E-10,29.11,328.7,9.45,0.306,03194+0322,A,263.60,3.94,N,_,A
TIC_301051051,HIP_15510_,_,HD_20794_,HR_1008_,GJ_139_,82_Eri,82_Eridani,6.0414,165.5242,0.0784,2022yCat.1355....0G,49.98187880,-43.06978200,4.258,0.004,1998A&AS..129..431H,0.708,0.004,1997yCat.2168....0M,3.850,1980SAAOC...1..166C,G6V,1989ApJS...71..245K,5432,12,2022A&A...663A...4S,-0.1842,0.0091,2019AJ....158..138S,0.913,1.406,0.97,-0.390,0.010,[Fe/H],2022A&A...663A...4S,4.460,0.030,2022A&A...663A...4S,-4.998,1996AJ....111..439H,0.809,133.89,1.77E-10,28.23,269.8,10.16,0.415,_,_,_,_,Y,2016A&A...593A..51M,B
TIC_262843771,HIP_16245_,A,HD_22001_A,HR_1083_A,GJ_9118A_,kap_Ret_A,Kappa_Reticuli_A,21.7816,45.9103,0.0934,2022yCat.1355....0G,52.34448925,-62.93752894,4.703,0.005,1998A&AS..129..431H,0.391,0.003,1997HIP...C......0E,4.460,estimated,F3V,2006AJ....132..161G,6662,129,2019AJ....158..138S,0.6881,0.0179,2019AJ....158..138S,1.658,0.708,1.32,-0.170,0.060,[Fe/H],2016ApJ...826..171G,4.310,0.140,2015ApJ...804..146D,-5.037,2013A&A...551L...8P,2.208,101.38,2.37E-11,31.02,1043.3,5.27,0.231,03294-6256,A,54.40,6,N,_,C
TIC_118572803,HIP_16537_,_,HD_22049_,HR_1084_,GJ_144_,eps_Eri,Ran,3.2198,310.5773,0.1355,2022yCat.1355....0G,53.23268538,-9.45826097,3.718,0.003,1998A&AS..129..431H,0.881,0.007,1997HIP...C......0E,3.225,1980SAAOC...1..166C,K2V,1989ApJS...71..245K,5098,10,2022A&A...663A...4S,-0.4707,0.0101,2019AJ....158..138S,0.746,2.154,0.78,-0.080,0.010,[Fe/H],2022A&A...663A...4S,4.550,0.020,2022A&A...663A...4S,-4.455,1996ApJ...457L..99B,0.582,180.65,3.42E-10,26.89,183.5,13.36,0.696,03329-0927,A,15.00,15.52,Y,2009ApJ...690.1522B,C
TIC_311092847,HIP_16852_,_,HD_22484_,HR_1101_,GJ_147_,10_Tau,10_Tauri,13.9204,71.8370,0.1503,2022yCat.1355....0G,54.21826544,0.40166447,4.291,0.006,1998A&AS..129..431H,0.575,0.008,1997HIP...C......0E,3.955,1980SAAOC...1..166C,F9IV-V,1989ApJS...71..245K,5996,9,2022A&A...663A...4S,0.4868,0.0171,2017ApJ...836...77Y,1.623,1.084,1.14,-0.080,0.010,[Fe/H],2022A&A...663A...4S,4.100,0.020,2022A&A...663A...4S,-5.120,2004ApJS..152..261W,1.752,125.82,3.77E-11,30.01,793.0,6.37,0.331,_,_,_,_,Y,2008ApJ...674.1086T,B
TIC_38511251,HIP_17378_,_,HD_23249_,HR_1136_,GJ_150_,del_Eri,Rana,9.0888,110.0254,0.1944,2022yCat.1355....0G,55.81208557,-9.76339193,3.537,0.008,1998A&AS..129..431H,0.922,0.007,1997A&AS..124..349M,3.020,1980SAAOC...1..166C,K0+IV,1989ApJS...71..245K,5045,24,2022A&A...663A...4S,0.4685,0.0151,2017ApJ...836...77Y,2.245,2.297,0.87,0.090,0.020,[Fe/H],2022A&A...663A...4S,3.780,0.030,2022A&A...663A...4S,-5.184,1996ApJ...457L..99B,1.715,188.68,3.94E-11,29.03,879.4,7.37,0.651,_,_,_,_,N,_,A
TIC_121078878,HIP_17651_,_,HD_23754_,HR_1173_,GJ_155_,27_Eri,27_Eridani,17.7847,56.2281,0.1393,2022yCat.1355....0G,56.71203049,-23.24972280,4.210,0.005,1998A&AS..129..431H,0.428,0.007,1997yCat.2168....0M,3.970,1980SAAOC...1..166C,F5IV-V,2006AJ....132..161G,6685,80,2011A&A...530A.138C,0.7049,0.0183,2019AJ....158..138S,1.678,0.878,1.33,0.080,0.060,[Fe/H],2016ApJ...826..171G,4.141,0.092,2019AJ....158..138S,-4.855,2009A&A...493.1099S,2.251,126.59,2.28E-11,30.57,1069.8,5.20,0.286,_,_,_,_,N,_,C
TIC_9150015,HIP_18859_,_,HD_25457_,HR_1249_,GJ_159_,_,GJ_159,18.7070,53.4559,0.0702,2022yCat.1355....0G,60.65310113,-0.26892220,5.361,0.012,1998A&AS..129..431H,0.516,0.007,1997HIP...C......0E,5.045,1980SAAOC...1..166C,F7V,2003AJ....126.2048G,6268,26,2022A&A...663A...4S,0.3062,0.0156,2019AJ....158..138S,1.206,0.600,1.21,0.100,0.030,[Fe/H],2022A&A...663A...4S,4.340,0.040,2022A&A...663A...4S,-4.390,2004ApJS..152..261W,1.423,76.05,5.72E-11,30.65,563.4,6.86,0.189,_,_,_,_,Y,2008ApJ...677..630H,C
TIC_353257675,HIP_19335_,_,HD_25998_,HR_1278_,GJ_9145_,50_Per,50_Persei,21.1919,47.1878,0.0734,2022yCat.1355....0G,62.15257149,38.03973856,5.520,0.010,1997HIP...C......0E,0.520,0.005,1997HIP...C......0E,5.218,estimated,F8V,2003AJ....126.2048G,6381,74,2022A&A...663A...4S,0.3627,0.0164,2019AJ....158..138S,1.242,0.545,1.18,0.190,0.080,[Fe/H],2022A&A...663A...4S,4.610,0.140,2022A&A...663A...4S,-4.401,1996ApJ...457L..99B,1.518,71.65,5.02E-11,30.97,629.1,6.72,0.182,_,_,_,_,N,_,C
TIC_67772871,HIP_19849_,A,HD_26965_A,HR_1325_A,GJ_166A_,40_Eri_A,Keid,5.0098,199.6080,0.1208,2022yCat.1355....0G,63.81799841,-7.65286966,4.415,0.003,1998A&AS..129..431H,0.820,0.000,1997HIP...C......0E,3.960,1980SAAOC...1..166C,K0.5V,2006AJ....132..161G,5133,43,2022A&A...663A...4S,-0.3875,0.0064,2017ApJ...836...77Y,0.809,1.503,0.86,-0.290,0.010,[Fe/H],2022A&A...663A...4S,4.520,0.020,2022A&A...663A...4S,-4.872,1996ApJ...457L..99B,0.640,127.77,2.82E-10,27.83,201.7,12.13,0.446,04153-0739,A,82.70,4.88,N,_,A
TIC_117979951,HIP_22263_,_,HD_30495_,HR_1532_,GJ_177_,58_Eri,58_Eridani,13.2400,75.5289,0.0539,2022yCat.1355....0G,71.90121543,-16.93445569,5.489,0.007,1998A&AS..129..431H,0.632,0.006,1997HIP...C......0E,5.115,1980SAAOC...1..166C,G1.5V(n),2006AJ....132..161G,5833,10,2022A&A...663A...4S,-0.0149,0.0122,2019AJ....158..138S,0.962,0.676,1.04,0.000,0.010,[Fe/H],2022A&A...663A...4S,4.490,0.020,2022A&A...663A...4S,-4.511,1996ApJ...457L..99B,0.983,74.24,1.20E-10,29.92,349.1,8.90,0.214,_,_,_,_,Y,2008ApJ...674.1086T,B
TIC_399665349,HIP_22449_,_,HD_30652_,HR_1543_,GJ_178_,pi3_Ori,Tabit,8.0684,123.9400,0.1700,2007A&A...474..653V,72.46004544,6.96127453,3.184,0.002,1998A&AS..129..431H,0.484,0.003,1997HIP...C......0E,2.920,1980SAAOC...1..166C,F6V,1973ARA&A..11...29M,6443,14,2022A&A...663A...4S,0.4330,0.0083,2017ApJ...836...77Y,1.321,1.523,1.25,0.030,0.030,[Fe/H],2022A&A...663A...4S,4.300,0.030,2022A&A...663A...4S,-4.650,2004ApJS..152..261W,1.646,204.03,4.27E-11,28.84,690.0,6.27,0.490,04498+0658,A,73.20,8.09,N,_,A
TIC_213041474,HIP_23311_,_,HD_32147_,HR_1614_,GJ_183_,_,HR_1614_,8.8440,113.0715,0.0222,2022yCat.1355....0G,75.20416394,-5.75367342,6.202,0.008,1998A&AS..129..431H,1.053,0.010,1997yCat.2168....0M,5.610,1980SAAOC...1..166C,K3+V,2003AJ....126.2048G,4810,20,2022A&A...663A...4S,-0.5373,0.0139,2019AJ....158..138S,0.776,0.816,0.75,0.310,0.020,[Fe/H],2022A&A...663A...4S,4.460,0.040,2022A&A...663A...4S,-4.948,1996ApJ...457L..99B,0.539,60.91,3.99E-10,29.11,166.8,14.16,0.244,_,_,_,_,N,_,B
TIC_381949122,HIP_23693_,_,HD_33262_A,HR_1674_A,GJ_189_,zet_Dor_A,Zeta_Doradus_A,11.6927,85.5233,0.0755,2022yCat.1355....0G,76.37773198,-57.47270469,4.701,0.000,1998A&AS..129..431H,0.522,0.004,1997yCat.2168....0M,4.375,1980SAAOC...1..166C,F9V_Fe-0.5,2006AJ....132..161G,6158,23,2022A&A...663A...4S,0.1662,0.0137,2019AJ....158..138S,1.064,0.846,1.14,-0.180,0.030,[Fe/H],2022A&A...663A...4S,4.430,0.050,2022A&A...663A...4S,-4.426,2009A&A...493.1099S,1.211,103.56,7.89E-11,29.63,455.8,7.66,0.273,05055-5728	,A,321.60,4.34,Y,2008ApJ...674.1086T,B
TIC_27136704,HIP_23835_,,HD_32923,HR_1656,GJ_188,104_Tau,104_Tauri,15.9172,62.8252,0.1094,2022yCat.1355....0G,76.86252320,18.64504994,4.915,0.004,1998A&AS..129..431H,0.645,0.005,1997A&AS..124..349M,4.530,2010PASP..122.1437P,G1V,2003AJ....126.2048G,5691,17,2022A&A...663A...4S,0.0640,_,2019AJ....158..138S,1.107,0.647,1.04,-0.200,0.020,[Fe/H],2022A&A...663A...4S,4.060,0.030,2022A&A...663A...4S,-5.103,2021A&A...646A..77G,1.076,67.63,9.99E-11,29.53,400.0,8.51,0.195,05074+1839,A,0.10,0,N,_,C
TIC_409104974,HIP_24813_,_,HD_34411_,HR_1729_,GJ_197_,lam_Aur,Lambda_Aurigae,12.5625,79.6021,0.1005,2022yCat.1355....0G,79.78531437,40.09905141,4.705,0.010,1997HIP...C......0E,0.624,0.015,1997HIP...C......0E,4.319,estimated,G1.5V,1989ApJS...71..245K,5854,13,2022A&A...663A...4S,0.2385,0.0055,2012ApJ...757..112B,1.279,0.947,1.08,0.060,0.010,[Fe/H],2022A&A...663A...4S,4.240,0.060,2022A&A...663A...4S,-5.085,2010ApJ...725..875I,1.316,104.76,6.68E-11,29.76,530.6,7.55,0.291,_,_,_,_,N,_,A
TIC_142103211,HIP_25110_,_,HD_33564_,HR_1686_,GJ_196_,_,HR_1686_,20.7858,48.1098,0.0727,2022yCat.1355....0G,80.63971084,79.23115073,5.080,0.010,1997HIP...C......0E,0.506,0.002,1997HIP...C......0E,4.790,2010PASP..122.1437P,F7V,2003AJ....126.2048G,6354,32,2022A&A...663A...4S,0.5171,0.0165,2019AJ....158..138S,1.496,0.670,1.21,0.120,0.040,[Fe/H],2022A&A...663A...4S,4.200,0.080,2022A&A...663A...4S,-4.979,2009A&A...493.1099S,1.814,87.25,3.52E-11,30.92,811.0,6.08,0.217,05226+7914,A,31.10,4,N,_,C
TIC_47346402,HIP_25278_,_,HD_35296_,HR_1780_,GJ_202_,111_Tau,111_Tauri,14.5792,68.5908,0.1040,2022yCat.1355....0G,81.10609696,17.38353512,5.009,0.011,1998A&AS..129..431H,0.544,0.004,1997HIP...C......0E,4.700,2010PASP..122.1437P,F8V,2003AJ....126.2048G,6131,18,2022A&A...663A...4S,0.2499,0.0139,2019AJ....158..138S,1.182,0.754,1.18,0.010,0.020,[Fe/H],2022A&A...663A...4S,4.290,0.030,2022A&A...663A...4S,-4.378,1996ApJ...457L..99B,1.333,91.45,6.51E-11,30.17,517.7,7.18,0.233,05244+1723,A,106.70,3.73,N,_,A
TIC_261136679,HIP_26394_,_,HD_39091_,HR_2022_,GJ_9189_,pi_Men,Pi_Mensae,18.2874,54.6825,0.0354,2022yCat.1355....0G,84.29119519,-80.46912071,5.666,0.006,1998A&AS..129..431H,0.600,0.003,1997HIP...C......0E,5.310,estimated,G0V,2006AJ....132..161G,5982,15,2022A&A...663A...4S,0.1856,0.0132,2019AJ....158..138S,1.153,0.586,1.08,0.090,0.010,[Fe/H],2022A&A...663A...4S,4.390,0.030,2022A&A...663A...4S,-4.900,2005A&A...443..609S,1.238,67.71,7.55E-11,30.62,484.2,7.78,0.188,_,_,_,_,Y,2018MNRAS.475.3046S,B
TIC_311063391,HIP_26779_,_,HD_37394_,HR_1925_,GJ_211_,V538_Aur,V538_Aurigae,12.2701,81.4987,0.0253,2022yCat.1355....0G,85.33473200,53.48105801,6.200,0.008,1998A&AS..129..431H,0.840,0.006,1997HIP...C......0E,5.730,2010PASP..122.1437P,K1V,1967AJ.....72.1334C,5226,36,2022A&A...663A...4S,-0.3209,0.0104,2019AJ....158..138S,0.843,0.639,0.88,0.100,0.010,[Fe/H],2022A&A...663A...4S,4.520,0.030,2022A&A...663A...4S,-4.454,1996ApJ...457L..99B,0.691,56.33,2.42E-10,29.77,223.7,11.54,0.192,05413+5329,A,97.90,3.55,N,_,B
TIC_93279196,HIP_27072_,B,HD_38392_,HR_1982_,GJ_216B_,gam_Lep_B,Gamma_Leporis_B,8.8916,112.4661,0.0225,2022yCat.1355....0G,86.11056968,-22.42183736,6.142,0.009,1998A&AS..129..431H,0.954,0.009,1997HIP...C......0E,5.640,2010PASP..122.1437P,K2.5V,2006AJ....132..161G,4950,62,2018MNRAS.479.1332M,-0.5534,0.0092,2019AJ....158..138S,0.719,0.752,0.81,-0.140,0.040,[Fe/H],2018MNRAS.479.1332M0,4.330,0.160,2018MNRAS.479.1332M0,-4.500,2004A&A...423..517R,0.529,59.47,4.14E-10,29.10,156.1,13.75,0.221,05445-2227,B,95.50,-2.64,N,_,B
TIC_93280676,HIP_27072_,A,HD_38393_,HR_1983_,GJ_216A_,gam_Lep_A,Gamma_Leporis_A,8.9050,112.2960,0.1452,2022yCat.1355....0G,86.11579424,-22.44838549,3.596,0.004,1998A&AS..129..431H,0.481,0.011,1997HIP...C......0E,3.295,1980SAAOC...1..166C,F6.5V,2006AJ....132..161G,6313,26,2022A&A...663A...4S,0.3700,0.0158,2019AJ....158..138S,1.280,1.337,1.23,-0.080,0.010,[Fe/H],2022A&A...663A...4S,4.350,0.040,2022A&A...663A...4S,-4.774,1996AJ....111..439H,1.531,171.94,4.94E-11,29.06,623.9,6.56,0.420,05445-2227,A,95.50,2.64,N,_,A
TIC_176521059,HIP_27435_,_,HD_38858_,HR_2007_,GJ_1085_,_,HR_2007_,15.2104,65.7446,0.0307,2022yCat.1355....0G,87.14558440,-4.09464494,5.973,0.005,1998A&AS..129..431H,0.639,0.002,1997HIP...C......0E,5.580,2010PASP..122.1437P,G2V,2003AJ....126.2048G,5731,18,2022A&A...663A...4S,-0.0826,0.0105,2019AJ....158..138S,0.922,0.564,1.02,-0.220,0.010,[Fe/H],2022A&A...663A...4S,4.470,0.030,2022A&A...663A...4S,-4.890,2018ApJ...855...75R,0.909,59.78,1.40E-10,30.22,313.6,9.35,0.176,_,_,_,_,Y,2006ApJ...652.1674B,C
TIC_141810080,HIP_29271_,A,HD_43834_A,HR_2261_A,GJ_231A,alf_Men_A,Alpha_Mensae_A,10.2129,97.9158,0.0573,2022yCat.1355....0G,92.56030243,-74.75304398,5.076,0.002,1998A&AS..129..431H,0.720,0.000,1997yCat.2168....0M,4.675,1980SAAOC...1..166C,G7V,2006AJ....132..161G,5594,14,2022A&A...663A...4S,-0.0627,0.0107,2019AJ....158..138S,0.990,0.902,0.96,0.100,0.010,[Fe/H],2022A&A...663A...4S,4.460,0.030,2022A&A...663A...4S,-4.940,1996AJ....111..439H,0.930,91.10,1.34E-10,29.36,334.5,9.52,0.285,06102-7445,A,3.30,5.01,N,_,C
TIC_46125330,HIP_29650_,_,HD_43042_,HR_2220_,GJ_3390_,71_Ori,71_Orionis,21.7763,45.9214,0.2358,2022yCat.1355....0G,93.71198477,19.15644790,5.200,0.010,1997HIP...C......0E,0.430,0.000,1997HIP...C......0E,4.910,2010PASP..122.1437P,F5.5IV-V,2003AJ....126.2048G,6539,65,2013ApJ...764...78R,0.4677,0.0176,2019AJ....158..138S,1.335,0.570,1.29,0.030,0.040,[Fe/H],2013ApJ...764...78R,4.290,0.020,2013ApJ...764...78R,-4.799,2009A&A...493.1099S,1.713,78.68,3.94E-11,30.92,721.2,6.05,0.183,06148+1909,A,8.00,6,N,_,B
TIC_437886584,HIP_29800_,_,HD_43386_,HR_2241_,GJ_9207_,74_Ori,74_Orionis,19.5879,51.0518,0.0969,2022yCat.1355....0G,94.11091294,12.27216323,5.040,0.010,1997HIP...C......0E,0.431,0.003,1997HIP...C......0E,4.780,2010PASP..122.1437P,F5V,2003AJ....126.2048G,6480,80,2000Priv.C........F,0.4708,0.0174,2019AJ....158..138S,1.364,0.648,1.33,-0.030,0.050,[Fe/H],2016ApJ...826..171G,4.307,0.083,2019AJ....158..138S,-4.580,1991ApJS...76..383D,1.719,87.78,3.91E-11,30.80,714.1,5.95,0.198,06164+1216,A,32.10,7.46,N,_,B
TIC_141523112,HIP_32439_,A,HD_46588_A,HR_2401_A,GJ_9215A,_,GJ_9215A,18.2023,54.9380,0.0595,2022yCat.1355....0G,101.55895815,79.56481071,5.440,0.010,1997HIP...C......0E,0.525,0.003,1997HIP...C......0E,5.110,2010PASP..122.1437P,F8V,2003AJ....126.2048G,6204,23,2022A&A...663A...4S,0.2615,0.0147,2019AJ....158..138S,1.170,0.598,1.18,-0.100,0.030,[Fe/H],2022A&A...663A...4S,4.430,0.070,2022A&A...663A...4S,-4.930,1991ApJS...76..383D,1.351,74.23,6.34E-11,30.61,528.1,7.13,0.189,06462+7934,A,79.20,11.75,N,_,B
TIC_307754027,HIP_32480_,_,HD_48682_,HR_2483_,GJ_245_,56_Aur,56_Aurigae,16.6106,60.2024,0.0865,2022yCat.1355....0G,101.68473723,43.57742456,5.252,0.004,1998A&AS..129..431H,0.575,0.005,1997HIP...C......0E,4.930,2010PASP..122.1437P,F9V,2003AJ....126.2048G,6066,30,2022A&A...663A...4S,0.2617,0.0143,2019AJ....158..138S,1.224,0.685,1.14,0.110,0.020,[Fe/H],2022A&A...663A...4S,4.380,0.070,2022A&A...663A...4S,-4.930,2007AJ....133..862H,1.352,81.37,6.33E-11,30.43,537.5,7.25,0.214,06467+4335	,A,29.40,3.34,Y,2006ApJ...652.1674B,C
TIC_282210766,HIP_32984_,A,HD_50281_,_,GJ_250A_,_,GJ_250A,8.7447,114.3547,0.0418,2022yCat.1355....0G,103.07521060,-5.17371267,6.562,0.008,1998A&AS..129..431H,1.056,0.011,1997HIP...C......0E,5.975,1980SAAOC...1..166C,K3.5V,2003AJ....126.2048G,4767,31,2022A&A...663A...4S,-0.6583,0.0191,2019AJ....158..138S,0.687,0.731,0.79,0.020,0.030,[Fe/H],2022A&A...663A...4S,4.540,0.080,2022A&A...663A...4S,-4.554,2018A&A...616A.108B,0.469,53.59,5.27E-10,29.17,131.8,14.79,0.204,06523-0510,A,58.90,3.45,N,_,C
TIC_80226651,HIP_33277_,_,HD_50692_,HR_2569_,GJ_252_,37_Gem,37_Geminorum,17.4047,57.4559,0.0907,2022yCat.1355....0G,103.82777649,25.37569543,5.763,0.004,1998A&AS..129..431H,0.573,0.010,1997HIP...C......0E,5.400,2010PASP..122.1437P,G0V,2003AJ....126.2048G,5924,17,2022A&A...663A...4S,0.1117,0.0123,2019AJ....158..138S,1.080,0.577,1.08,-0.120,0.020,[Fe/H],2022A&A...663A...4S,4.440,0.04,2022A&A...663A...4S,-4.960,2018ApJ...855...75R,1.137,65.34,8.95E-11,30.52,426.2,8.12,0.182,_,_,_,_,N,_,B
TIC_130645536,HIP_34065_,_,HD_53705_,HR_2667_,GJ_9223A_ ,_,HR_2667,17.0593,58.6192,0.0477,2022yCat.1355....0G,105.98881342,-43.60803496,5.560,0.010,1997HIP...C......0E,0.624,0.009,1997HIP...C......0E,5.181,estimated,G1.5V,1989ApJS...71..245K,5790,15,2022A&A...663A...4S,0.1731,0.0115,2019AJ....158..138S,1.213,0.661,1.04,-0.220,0.030,[Fe/H],2022A&A...663A...4S,4.330,0.040,2022A&A...663A...4S,-4.930,1996AJ....111..439H,1.221,71.55,7.77E-11,30.46,483.0,7.99,0.207,07040-4337,A,21.30,1.07,N,_,B
TIC_156890613,HIP_35136_,_,HD_55575_,HR_2721_,GJ_1095_,_,HR_2721,16.8518,59.3408,0.0535,2022yCat.1355....0G,108.95891324,47.23996345,5.559,0.003,1998A&AS..129..431H,0.576,0.002,1997HIP...C......0E,5.190,2010PASP..122.1437P,F9V,2003AJ....126.2048G,5902,14,2022A&A...663A...4S,0.1652,0.0125,2019AJ....158..138S,1.157,0.638,1.14,-0.320,0.020,[Fe/H],2022A&A...663A...4S,4.320,0.030,2022A&A...663A...4S,-4.950,2018ApJ...855...75R,1.209,71.77,7.91E-11,30.44,455.0,7.66,0.189,_,_,_,_,N,_,B
TIC_328324648,HIP_36439_,_,HD_58855_,HR_2849,GJ_9234_,22_Lyn,22_Lyncis,20.4021,49.0145,0.1406,2022yCat.1355....0G,112.48315488,49.67245940,5.350,0.010,1997HIP...C......0E,0.470,0.003,1997HIP...C......0E,5.047,estimated,F6V,2001AJ....121.2148G,6349,25,2022A&A...663A...4S,0.3882,0.0161,2019AJ....158..138S,1.292,0.589,1.16,-0.280,0.030,[Fe/H],2022A&A...663A...4S,4.290,0.040,2022A&A...663A...4S,-4.879,2020A&A...641A.110G,1.564,76.64,4.73E-11,30.86,663.1,6.68,0.198,07299+4940,A,183.30,4.68,N,_,B
TIC_150796339,HIP_38423_,A,HD_64379_,HR_3079_,GJ_292A_,212_Pup_A,212_Puppis_A,18.3274,54.5631,0.0665,2022yCat.1355....0G,118.06526236,-34.70543992,5.085,0.004,2001KFNT...17e.409K,0.459,0.009,2001KFNT...17e.409K,4.773,estimated,F5V_Fe-0.5,2006AJ....132..161G,6525,80,2011A&A...530A.138C,0.4043,0.0173,2019AJ....158..138S,1.246,0.632,1.33,-0.080,0.060,[Fe/H],2016ApJ...826..171G,4.276,0.087,2019A&A...628A..94A,-4.363,2006AJ....132..161G,1.593,86.90,4.56E-11,30.63,636.6,6.18,0.196,07523-3442,A,3.90,3.47,N,_,C
TIC_372914091,HIP_38908_,A,HD_65907_A,HR_3138_A,GJ_294A_,_,GJ_294A,16.1718,61.8360,0.0417,2022yCat.1355....0G,119.44547625,-60.30307193,5.592,0.007,1998A&AS..129..431H,0.573,0.009,1997HIP...C......0E,5.280,1980SAAOC...1..166C,F9.5V,2006AJ....132..161G,5997,16,2022A&A...663A...4S,0.1106,0.0126,2019AJ....158..138S,1.052,0.605,1.11,-0.310,0.020,[Fe/H],2022A&A...663A...4S,4.520,0.030,2022A&A...663A...4S,-4.790,1996AJ....111..439H,1.136,70.23,8.97E-11,30.40,419.6,8.02,0.190,07578-6018,A,60.60,4.47,N,_,B
TIC_307624961,HIP_40693_,_,HD_69830_,HR_3259_,GJ_302_,_,HD_69830_,12.5794,79.4953,0.0400,2022yCat.1355....0G,124.59977903,-12.63217144,5.951,0.003,1998A&AS..129..431H,0.757,0.006,1997yCat.2168....0M,5.525,1980SAAOC...1..166C,G8+V,2006AJ....132..161G,5423,9,2022A&A...663A...4S,-0.2165,0.0105,2019AJ....158..138S,0.883,0.653,0.93,-0.030,0.010,[Fe/H],2022A&A...663A...4S,4.530,0.020,2013ApJ...764...78R,-4.987,2010ApJ...725..875I,0.779,61.96,1.90E-10,29.83,260.6,10.57,0.200,08184-1238,A,6.90,13.44,Y,2008ApJ...674.1086T,C
TIC_302188141,HIP_40843_,_,HD_69897_,HR_3262_,GJ_303_,chi_Cnc,Chi_Cancri,18.2233,54.8749,0.0906,2022yCat.1355....0G,125.01608650,27.21770505,5.130,0.010,1997HIP...C......0E,0.487,0.004,1997HIP...C......0E,4.850,2010PASP..122.1437P,F6V,2003AJ....126.2048G,6269,18,2022A&A...663A...4S,0.3848,0.0151,2019AJ....158..138S,1.320,0.674,1.25,-0.280,0.020,[Fe/H],2022A&A...663A...4S,4.300,0.030,2013ApJ...764...78R,-4.825,2010ApJ...725..875I,1.557,85.46,4.77E-11,30.65,634.9,6.45,0.205,_,_,_,_,N,_,B
TIC_393844873,HIP_41926_,_,HD_72673_,HR_3384_,GJ_309_,_,HR_3384,12.1643,82.2080,0.0178,2022yCat.1355....0G,128.21456533,-31.50085138,6.378,0.001,1998A&AS..129..431H,0.784,0.005,1997yCat.2168....0M,5.910,2010PASP..122.1437P,K1V,1989ApJS...71..245K,5261,14,2022A&A...663A...4S,-0.3941,0.0089,2019AJ....158..138S,0.765,0.585,0.85,-0.390,0.010,[Fe/H],2022A&A...663A...4S,4.560,0.030,2022A&A...663A...4S,-4.946,2010ApJ...725..875I,0.635,52.22,2.87E-10,29.77,200.6,12.25,0.185,_,_,_,_,N,_,C
TIC_417762326,HIP_42438_,_,HD_72905_,HR_3391_,GJ_311_,3_UMa,3_Ursae_Majoris_A,14.4388,69.2576,0.0485,2022yCat.1355....0G,129.79876921,65.02090642,5.630,0.010,1997HIP...C......0E,0.618,0.003,1997HIP...C......0E,5.260,2010PASP..122.1437P,G0.5V_Fe-0.5,2001AJ....121.2148G,5893,14,2022A&A...663A...4S,-0.0118,0.0118,2019AJ....158..138S,0.946,0.610,1.08,-0.070,0.020,[Fe/H],2022A&A...663A...4S,4.530,0.030,2022A&A...663A...4S,-4.375,1996ApJ...457L..99B,0.987,68.32,1.19E-10,30.07,345.2,8.74,0.191,_,_,_,_,Y,2008ApJ...674.1086T,B
TIC_181273463,HIP_42808_,_,HD_74576_,_,GJ_320_,_,GJ_320_,11.1917,89.3522,0.0151,2022yCat.1355....0G,130.82512655,-38.88238079,6.556,0.006,1998A&AS..129..431H,0.932,0.002,1997yCat.2168....0M,6.042,1980SAAOC...1..166C,K2.5V(k),2006AJ....132..161G,4992,22,2022A&A...663A...4S,-0.4982,0.0104,2019AJ....158..138S,0.753,0.626,0.76,0.010,0.040,[Fe/H],2022A&A...663A...4S,4.600,0.050,2022A&A...663A...4S,-4.351,2018A&A...616A.108B,0.564,50.35,3.64E-10,29.64,177.2,13.75,0.199,_,_,_,_,N,_,C
TIC_332064670,HIP_43587_,A,HD_75732_A,HR_3522_A,GJ_324A_,55_Cnc_A,Copernicus,12.5868,79.4482,0.0429,2022yCat.1355....0G,133.14921294,28.33082083,5.960,0.010,1997HIP...C......0E,0.860,0.010,1997yCat.2168....0M,5.490,2010PASP..122.1437P,K0IV-V,2003AJ....126.2048G,5292,43,2022A&A...663A...4S,-0.1970,0.0114,2019AJ....158..138S,0.948,0.701,0.95,0.320,0.020,[Fe/H],2022A&A...663A...4S,4.400,0.020,2022A&A...663A...4S,-4.991,2010ApJ...725..875I,0.797,63.33,1.82E-10,29.84,266.7,10.34,0.200,08526+2820,A,85.10,7.11,N,_,C
TIC_62569281,HIP_43726_,_,HD_76151_,HR_3538_,GJ_327_,_,HR_3538,16.8465,59.3595,0.0408,2022yCat.1355....0G,133.57477957,-5.43445953,6.008,0.005,1998A&AS..129..431H,0.661,0.012,1997HIP...C......0E,5.640,1980SAAOC...1..166C,G2V,1989ApJS...71..245K,5780,9,2022A&A...663A...4S,-0.0127,0.0115,2019AJ....158..138S,0.983,0.543,1.02,0.100,0.010,[Fe/H],2022A&A...663A...4S,4.490,0.020,2022A&A...663A...4S,-4.659,1996ApJ...457L..99B,0.985,58.50,1.19E-10,30.45,353.8,8.98,0.172,_,_,_,_,Y,2008ApJ...674.1086T,C
TIC_355127594,HIP_44897_,_,HD_78366_,HR_3625_,GJ_334.2_,_,HR_3625,18.9498,52.7709,0.0309,2022yCat.1355....0G,137.21279326,33.88221843,5.962,0.001,1998A&AS..129..431H,0.585,0.007,1997HIP...C......0E,5.590,2010PASP..122.1437P,G0IV-V,2003AJ....126.2048G,5992,20,2022A&A...663A...4S,0.1029,0.0131,2019AJ....158..138S,1.045,0.513,1.08,0.040,0.020,[Fe/H],2022A&A...663A...4S,4.500,0.040,2022A&A...663A...4S,-4.608,1996ApJ...457L..99B,1.126,59.41,9.13E-11,30.69,419.8,8.16,0.165,_,_,_,_,N,_,C
TIC_219709102,HIP_45038_,A,HD_78154_A,HR_3616_A,GJ_335A_,13_UMa_A,13_Ursa_Majoris_A,20.5169,48.7404,0.0763,2022yCat.1355....0G,137.59811111,67.13401716,4.809,0.002,2001KFNT...17e.409K,0.486,0.005,1997yCat.2168....0M,4.520,2010PASP..122.1437P,F7V,1981ApJS...45..437A,6325,42,2022A&A...663A...4S,0.6096,0.0157,2019AJ....158..138S,1.680,0.762,1.21,-0.020,0.040,[Fe/H],2022A&A...663A...4S,4.070,0.070,2008MNRAS.384..173F,-4.901,2018A&A...616A.108B,2.018,98.34,2.84E-11,30.89,951.6,5.76,0.244,09104+6708,A,4.47,3.98,N,_,C
TIC_8915802,HIP_47080_,A,HD_82885_A,HR_3815_A,GJ_356A_,11_LMi_A,11_Leo_Minoris_A,11.2348,89.0092,0.0937,2022yCat.1355....0G,143.91459247,35.81013251,5.402,0.005,1998A&AS..129..431H,0.770,0.002,1997HIP...C......0E,4.970,2010PASP..122.1437P,G9-IV-V_Hdel1,1989ApJS...71..245K,5518,21,2022A&A...663A...4S,-0.1057,0.0039,2012ApJ...757..112B,0.969,0.802,0.94,0.340,0.020,[Fe/H],2022A&A...663A...4S,4.440,0.040,2022A&A...663A...4S,-4.638,1996ApJ...457L..99B,0.885,78.81,1.48E-10,29.55,313.9,9.87,0.252,09357+3549	,A,7.13,7.7,N,_,B
TIC_11310083,HIP_47592_,_,HD_84117_,HR_3862_,GJ_364_,_,HR_3862,14.9515,66.8827,0.1123,2022yCat.1355....0G,145.56006751,-23.91556723,4.914,0.012,1998A&AS..129..431H,0.534,0.004,1997HIP...C......0E,4.615,1980SAAOC...1..166C,F9V,1989ApJS...71..245K,6163,20,2022A&A...663A...4S,0.2961,0.0141,2019AJ....158..138S,1.233,0.767,1.14,-0.060,0.020,[Fe/H],2022A&A...663A...4S,4.340,0.030,2022A&A...663A...4S,-5.023,2010ApJ...725..875I,1.406,94.05,5.85E-11,30.20,570.5,7.11,0.248,_,_,_,_,N,_,A
TIC_23969522,HIP_48113_,_,HD_84737_,HR_3881_,GJ_368_,_,HR_3881,18.8226,53.1277,0.0773,2022yCat.1355....0G,147.14738062,46.02100739,5.086,0.006,1998A&AS..129..431H,0.619,0.007,1997HIP...C......0E,4.700,2010PASP..122.1437P,G0(V),1989ApJS...71..245K,5893,13,2022A&A...663A...4S,0.4464,0.0119,2019AJ....158..138S,1.604,0.793,1.08,0.100,0.010,[Fe/H],2022A&A...663A...4S,4.120,0.030,2022A&A...663A...4S,-5.085,2010ApJ...725..875I,1.672,88.83,4.14E-11,30.66,761.6,6.71,0.248,_,_,_,_,N,_,B
TIC_172954294,HIP_49081_,A,HD_86728_A,HR_3951_A,GJ_376A,20_LMi_A,20_Leo_Minoris_A,14.9263,66.9958,0.0921,2022yCat.1355....0G,150.25273698,31.92367028,5.378,0.004,1998A&AS..129..431H,0.676,0.004,1997HIP...C......0E,5.010,2010PASP..122.1437P,G4IV,1989ApJS...71..245K,5743,14,2022A&A...663A...4S,0.1392,0.0085,2012ApJ...757..112B,1.186,0.739,1.00,0.200,0.020,[Fe/H],2022A&A...663A...4S,4.300,0.030,2022A&A...663A...4S,-5.130,2018ApJ...855...75R,1.174,78.65,8.40E-11,30.20,464.6,8.31,0.236,10010+3155,A,134.40,10.6,N,_,B
TIC_371520835,HIP_49908_,_,HD_88230_,_,GJ_380_,_,Groombridge_1618,4.8706,205.3148,0.0224,2022yCat.1355....0G,152.84224979,49.45423639,6.550,0.005,1998A&AS..129..431H,1.326,0.008,1997HIP...C......0E,5.670,2010PASP..122.1437P,K7V,1991ApJS...77..417K,4097,40,2022A&A...663A...4S,-0.9882,0.0090,2017ApJ...836...77Y,0.636,1.215,0.63,0.210,0.060,[Fe/H],2022A&A...663A...4S,4.640,0.080,2022A&A...663A...4S,-4.617,2003AJ....126.2048G,0.321,65.82,1.13E-09,28.04,83.5,20.03,0.314,10114+4927,A,162.30,2.28,N,_,A
TIC_95431211,HIP_50564_,_,HD_89449_,HR_4054_,GJ_9324_,40_Leo,40_Leonis,21.2199,47.1255,0.1679,2022yCat.1355....0G,154.93403005,19.47091277,4.792,0.001,1998A&AS..129..431H,0.450,0.005,1997yCat.2168....0M,4.485,estimated,F6IV-V,2003AJ....126.2048G,6410,76,2018A&A...616A...1G,0.6272,0.0181,2019AJ....158..138S,1.669,0.732,1.35,0.090,0.030,[Fe/H],2016ApJ...826..171G,4.123,0.084,2019AJ....158..138S,-4.749,2003AJ....126.2048G,2.059,97.02,2.73E-11,30.89,928.6,5.40,0.216,10197+1928,A,_,_,N,_,C
TIC_453620177,HIP_50954_,_,HD_90589_,HR_4102_,GJ_391_,_,HR_4102,16.2232,61.6400,0.1200,2007A&A...474..653V,156.09877488,-74.03161211,3.990,0.010,1997HIP...C......0E,0.361,0.005,1997yCat.2168....0M,3.760,1980SAAOC...1..166C,F3V,2006AJ....132..161G,6905,80,2011A&A...530A.138C,0.7128,0.0178,2019AJ....158..138S,1.587,0.910,1.43,0.050,0.060,[Fe/H],2016ApJ...826..171G,4.228,0.087,2019AJ....158..138S,-4.685,2009A&A...493.1099S,2.272,140.04,2.24E-11,30.38,1046.0,4.99,0.294,_,_,_,_,N,_,C
TIC_416519065,HIP_51459_,A,HD_90839_,HR_4112_A,GJ_395_,36_UMa_A,36_Ursa_Majoris_A,12.9452,77.2485,0.0805,2022yCat.1355....0G,157.65658027,55.98053880,4.820,0.010,1997HIP...C......0E,0.518,0.003,1997yCat.2168....0M,4.510,2010PASP..122.1437P,F8V,2003AJ....126.2048G,6164,21,2022A&A...663A...4S,0.2055,0.0114,2012ApJ...757..112B,1.111,0.798,1.18,-0.120,0.010,[Fe/H],2022A&A...663A...4S,4.430,0.030,2022A&A...663A...4S,-4.775,2018A&A...616A.108B,1.267,97.87,7.21E-11,29.87,479.5,7.36,0.249,10306+5559,A,122.80,3.98,N,_,A
TIC_367631379,HIP_51502_,A,HD_90089_A,HR_4084_A,GJ_9330A_,_,GJ_9330A,22.7302,43.9944,0.2712,2018A&A...616A...1G,157.76961635,82.55865174,5.250,0.010,1997HIP...C......0E,0.370,0.000,1997yCat.2168....0M,4.989,estimated,F4VkF2mF2,2003AJ....126.2048G,6758,90,2011A&A...530A.138C,0.5124,0.0194,2019AJ....158..138S,1.316,0.538,1.39,-0.160,0.050,[Fe/H],2016ApJ...826..171G,4.389,0.088,2019AJ....158..138S,-4.550,2010A&A...521A..12M,1.804,79.36,3.56E-11,31.11,750.5,5.68,0.171,10311+8234,A,13.50,7.7,Y,2018MNRAS.475.3046S,C
TIC_447823435,HIP_51523_,_,HD_91324_,HR_4134_,GJ_9332_,_,HR_4134,22.0616,45.3276,0.0662,2022yCat.1355....0G,157.84092030,-53.71548361,4.897,0.004,1998A&AS..129..431H,0.500,0.000,1997yCat.2168....0M,4.590,2010PASP..122.1437P,F9V_Fe-0.8_CH-0.7,2006AJ....132..161G,6155,24,2022A&A...663A...4S,0.6437,0.0147,2019AJ....158..138S,1.845,0.778,1.16,-0.400,0.050,[Fe/H],2022A&A...663A...4S,3.830,0.090,2022A&A...663A...4S,-4.970,2022A&A...658A..57M,2.098,95.10,2.63E-11,31.04,1030.7,5.77,0.246,10314-5343,A,80.90,3.63,N,_,C
TIC_21535479,HIP_53721_,_,HD_95128_,HR_4277_,GJ_407_,47_UMa,Chalawan,13.8875,72.0070,0.0974,2022yCat.1355....0G,164.86655313,40.43025571,5.037,0.004,1998A&AS..129..431H,0.624,0.003,1997HIP...C......0E,4.700,2010PASP..122.1437P,G1.5IV-V_Fe-1,1989ApJS...71..245K,5880,10,2022A&A...663A...4S,0.1978,0.0118,2019AJ....158..138S,1.210,0.810,1.07,0.020,0.010,[Fe/H],2022A&A...663A...4S,4.300,0.020,2022A&A...663A...4S,-5.060,2018ApJ...855...75R,1.256,90.42,7.34E-11,30.04,496.9,7.76,0.254,_,_,_,_,N,_,A
TIC_166646191,HIP_54035_,_,HD_95735_,_,GJ_411_,_,Lalande_21185,2.5461,392.7529,0.0321,2022yCat.1355....0G,165.83414508,35.96988227,7.421,0.001,1998A&AS..129..431H,1.502,0.014,1997HIP...C......0E,6.400,2015MNRAS.454.2863H,M2V,1991ApJS...77..417K,3601,51,2019A&A...625A..68S,-1.7004,0.0100,2017ApJ...836...77Y,0.363,1.325,0.44,-0.420,0.070,[Fe/H],2005MNRAS.356..963W,4.870,0.070,2019A&A...625A..68S,-5.451,1996ApJ...457L..99B,0.141,55.45,5.81E-09,26.99,29.2,36.11,0.379,_,_,_,_,N,_,B
TIC_57611256,HIP_56452_,A,HD_100623_A,HR_4458_A,GJ_432A_,20_Crt_A,20_Crateris_A,9.5590,104.6133,0.0277,2022yCat.1355....0G,173.62286018,-32.83133966,5.956,0.001,1998A&AS..129..431H,0.811,0.007,1997HIP...C......0E,5.525,1980SAAOC...1..166C,K0-V,2006AJ....132..161G,5196,23,2022A&A...663A...4S,-0.4318,0.0123,2019AJ....158..138S,0.751,0.730,0.88,-0.400,0.020,[Fe/H],2022A&A...663A...4S,4.600,0.040,2022A&A...663A...4S,-4.913,2010ApJ...725..875I,0.608,63.63,3.13E-10,29.29,184.7,12.30,0.217,11345-3250,A,15.10,8.92,N,_,A
TIC_101641846,HIP_56997_,_,HD_101501_,HR_4496_,GJ_434_,61_UMa,61_Ursae_Majoris,9.5762,104.4252,0.1005,2022yCat.1355....0G,175.26256779,34.20163378,5.308,0.001,1998A&AS..129..431H,0.723,0.014,1997HIP...C......0E,4.910,2010PASP..122.1437P,G8V,1989ApJS...71..245K,5491,24,2022A&A...663A...4S,-0.2154,0.0064,2012ApJ...757..112B,0.862,0.837,0.94,-0.050,0.010,[Fe/H],2022A&A...663A...4S,4.540,0.020,2022A&A...663A...4S,-4.546,1996ApJ...457L..99B,0.780,81.49,1.90E-10,29.21,259.7,10.51,0.260,11411+3412,A,158.90,5.96,N,_,A
TIC_454082369,HIP_57443_,A,HD_102365_,HR_4523_,GJ_442A_,_,HR_4523,9.3195,107.3024,0.0873,2022yCat.1355....0G,176.62946889,-40.50035719,4.893,0.002,1998A&AS..129..431H,0.664,0.004,1997HIP...C......0E,4.525,1980SAAOC...1..166C,G2V,2006AJ....132..161G,5618,14,2022A&A...663A...4S,-0.0737,0.0111,2019AJ....158..138S,0.970,0.968,1.02,-0.310,0.020,[Fe/H],2022A&A...663A...4S,4.440,0.030,2022A&A...663A...4S,-4.931,2010ApJ...725..875I,0.919,98.58,1.37E-10,29.18,318.5,9.30,0.290,11467-4029,A,22.70,9.6,N,_,A
TIC_366661076,HIP_57757_,_,HD_102870_,HR_4540_,GJ_449_,bet_Vir,Zavijava,10.9290,91.5000,0.2200,2007A&A...474..653V,177.67382715,1.76472265,3.602,0.004,1998A&AS..129..431H,0.552,0.008,1997yCat.2168....0M,3.280,1980SAAOC...1..166C,F9V,1973ARA&A..11...29M,6123,9,2022A&A...663A...4S,0.5529,0.0063,2012ApJ...757..112B,1.679,1.429,1.14,0.130,0.010,[Fe/H],2022A&A...663A...4S,4.130,0.020,2022A&A...663A...4S,-4.880,2010ApJ...725..875I,1.890,172.93,3.24E-11,29.50,888.9,6.13,0.456,11507+0146,A,326.60,7.99,Y,2016A&A...593A..51M,C
TIC_309599261,HIP_57939_,_,HD_103095_,HR_4550_,GJ_451_,CF_UMa,CF_Ursae_Majoris,9.1718,109.0296,0.0197,2022yCat.1355....0G,178.24486391,37.71868170,6.427,0.008,1998A&AS..129..431H,0.754,0.009,1997HIP...C......0E,5.959,estimated,K1V_Fe-1.5,2003AJ....126.2048G,5057,18,2022A&A...663A...4S,-0.6737,0.0041,2012ApJ...757..112B,0.600,0.608,0.85,-1.330,0.020,[Fe/H],2022A&A...663A...4S,4.640,0.040,2022A&A...663A...4S,-4.896,1996ApJ...457L..99B,0.460,50.20,5.46E-10,29.12,123.8,14.39,0.177,_,_,_,_,N,_,C
TIC_421189312,HIP_59199_,A,HD_105452_A,HR_4623_A,GJ_9389A,alf_Crv_A,Alchiba,14.9365,66.9500,0.1500,2007A&A...474..653V,182.10340218,-24.72887510,4.025,0.001,1998A&AS..129..431H,0.332,0.011,1997yCat.2168....0M,3.804,estimated,F1V,2006AJ....132..161G,6990,80,2011A&A...530A.138C,0.6363,_,2019AJ....158..138S,1.418,0.883,1.50,-0.130,0.030,[Fe/H],2016ApJ...826..171G,4.192,0.026,2022yCat.1355....0G,-4.214,2018A&A...616A.108B,2.080,139.28,2.67E-11,30.24,894.9,5.09,0.279,_,A,3.07,7.75,N,_,C
TIC_1628071,HIP_61174_,_,HD_109085_,HR_4775_,GJ_9411_,eta_Crv,Eta_Corvi,18.2437,54.8135,0.1562,2022yCat.1355....0G,188.01761001,-16.19600517,4.297,0.003,1998A&AS..129..431H,0.378,0.007,1997yCat.2168....0M,4.070,2010PASP..122.1437P,F2V,2006AJ....132..161G,6871,48,2012A&A...537A.120Z,0.6650,0.0223,2019AJ....158..138S,1.517,0.774,1.44,-0.060,0.040,[Fe/H],2016ApJ...826..171G,4.242,0.083,2019AJ....158..138S,-4.313,2018A&A...616A.108B,2.150,117.86,2.50E-11,30.57,959.7,5.11,0.246,12321-1612,A,12.90,15.8,Y,2020AJ....159..177E,C
TIC_458445966,HIP_61317_,_,HD_109358_,HR_4785_,GJ_475_,bet_CVn,Chara,8.4727,118.0266,0.1530,2022yCat.1355....0G,188.43560105,41.35747815,4.260,0.007,1997A&AS..124..349M,0.585,0.005,1997yCat.2168....0M,3.890,2010PASP..122.1437P,G0V,1989ApJS...71..245K,5878,14,2022A&A...663A...4S,0.0611,0.0068,2012ApJ...757..112B,1.034,1.136,1.08,-0.200,0.010,[Fe/H],2022A&A...663A...4S,4.420,0.020,2022A&A...663A...4S,-4.970,2018ApJ...855...75R,1.073,126.62,1.01E-10,28.88,390.6,8.36,0.352,12337+4121,A,265.70,6.39,N,_,A
TIC_389853353,HIP_62207_,_,HD_110897_,HR_4845_,GJ_484_,10_CVn,10_Canum_Venaticorum,17.5565,56.9588,0.0323,2022yCat.1355....0G,191.24752068,39.27891615,5.958,0.002,1998A&AS..129..431H,0.548,0.005,1997yCat.2168....0M,5.600,2010PASP..122.1437P,F9V_Fe-0.3,2003AJ....126.2048G,5889,16,2022A&A...663A...4S,0.0382,0.0128,2019AJ....158..138S,1.004,0.532,1.14,-0.530,0.020,[Fe/H],2022A&A...663A...4S,4.380,0.040,2022A&A...663A...4S,-4.972,2010ApJ...725..875I,1.045,59.52,1.06E-10,30.54,365.4,8.25,0.157,_,_,_,_,Y,2008ApJ...674.1086T,C
TIC_445070560,HIP_64394_,_,HD_114710_,HR_4983_,GJ_502_,bet_Com,Beta_Comae_Berenices,9.1975,108.7250,0.1645,2022yCat.1355....0G,197.96830761,27.87818397,4.230,0.010,1997HIP...C......0E,0.572,0.006,1997HIP...C......0E,3.900,2010PASP..122.1437P,F9.5V,1989ApJS...71..245K,5996,17,2022A&A...663A...4S,0.1326,0.0045,2012ApJ...757..112B,1.079,1.092,1.11,0.060,0.010,[Fe/H],2022A&A...663A...4S,4.420,0.020,2022A&A...663A...4S,-4.745,1996ApJ...457L..99B,1.165,126.65,8.53E-11,29.07,435.9,7.91,0.343,13119+2753,A,131.50,7.8,N,_,A
TIC_30293512,HIP_64408_,_,HD_114613_,HR_4979_,GJ_9432_,_,HR_4979,20.4628,48.8691,0.1058,2022yCat.1355....0G,198.01326790,-37.80302220,4.847,0.001,1998A&AS..129..431H,0.701,0.003,1997yCat.2168....0M,4.462,estimated,G4V,2006AJ....132..161G,5688,14,2022A&A...663A...4S,0.6256,0.0114,2019AJ....158..138S,2.116,0.962,0.99,0.160,0.020,[Fe/H],2022A&A...663A...4S,3.920,0.030,2022A&A...663A...4S,-5.068,2010ApJ...725..875I,2.055,100.42,2.74E-11,30.87,1081.4,6.31,0.305,_,_,_,_,N,_,C
TIC_255854921,HIP_64583_,A,HD_114837_A,HR_4989_A,GJ_503A_,_,GJ_503A,18.2400,54.8247,0.0809,2022yCat.1355....0G,198.56310307,-59.10323723,4.913,0.007,1997A&AS..124..349M,0.480,0.000,1997A&AS..124..349M,4.620,1980SAAOC...1..166C,F6V_Fe-0.4,2006AJ....132..161G,6238,26,2022A&A...663A...4S,0.4722,0.0160,2019AJ....158..138S,1.475,0.752,1.25,-0.310,0.030,[Fe/H],2022A&A...663A...4S,4.230,0.050,2022A&A...663A...4S,-4.665,2018A&A...616A.108B,1.722,94.43,3.90E-11,30.64,738.4,6.13,0.227,13143-5906,A,4.60,5.28,N,_,C
TIC_373765355,HIP_64797_,A,HD_115404_A,_,GJ_505A_,_,GJ_505A,10.9869,91.0176,0.0236,2022yCat.1355....0G,199.21271429,17.01717803,6.550,0.010,1997HIP...C......0E,0.926,0.003,1997HIP...C......0E,6.070,2010PASP..122.1437P,K2.5V(k),2003AJ....126.2048G,4843,107,2022A&A...663A...4S,-0.5197,0.0141,2019AJ....158..138S,0.781,0.661,0.76,-0.180,0.020,[Fe/H],2022A&A...663A...4S,4.470,0.040,2022A&A...663A...4S,-4.480,1996ApJ...457L..99B,0.550,50.03,3.83E-10,29.61,170.8,13.92,0.198,13169+1701,A,7.70,2.84,N,_,C
TIC_422478973,HIP_64924_,_,HD_115617_,HR_5019_,GJ_506_,61_Vir,61_Virginis,8.5344,117.1726,0.1456,2022yCat.1355....0G,199.60130828,-18.31119382,4.735,0.002,1998A&AS..129..431H,0.709,0.007,1997HIP...C......0E,4.330,1980SAAOC...1..166C,G6.5V,1989ApJS...71..245K,5552,9,2022A&A...663A...4S,-0.0833,0.0060,2017ApJ...836...77Y,0.982,1.070,0.97,-0.010,0.010,[Fe/H],2022A&A...663A...4S,4.410,0.020,2022A&A...663A...4S,-5.001,1996ApJ...457L..99B,0.909,106.46,1.40E-10,28.96,322.0,9.61,0.331,13184-1819,A,387.70,5.92,Y,2008ApJ...674.1086T,B
TIC_202380743,HIP_68184_,_,HD_122064_,HR_5256_,_,_,HR_5256_,10.0672,99.3325,0.0193,2022yCat.1355....0G,209.38357650,61.49286115,6.488,0.004,2001KFNT...17e.409K,1.040,0.006,1997HIP...C......0E,5.911,estimated,K3V,1984AJ.....89..702L,4867,29,2022A&A...663A...4S,-0.5360,0.0164,2019AJ....158..138S,0.759,0.701,0.75,0.200,0.030,[Fe/H],2022A&A...663A...4S,4.560,0.030,2022A&A...663A...4S,-4.989,2018A&A...616A.108B,0.540,53.59,3.98E-10,29.41,167.1,14.15,0.215,_,_,_,_,N,_,C
TIC_83391616,HIP_69965_,A,HD_125276_A,HR_5356_A,GJ_9476A_,_,GJ_9476A,17.9888,55.5900,0.0531,2022yCat.1355....0G,214.75373205,-25.81542495,5.872,0.003,1998A&AS..129..431H,0.498,0.004,1997A&AS..124..349M,5.530,2010PASP..122.1437P,F9V_Fe-1.5_CH-0.7,2006AJ....132..161G,6120,41,2022A&A...663A...4S,0.0822,0.0147,2019AJ....158..138S,0.978,0.506,1.11,-0.680,0.050,[Fe/H],2022A&A...663A...4S,4.410,0.100,2022A&A...663A...4S,-4.830,2022A&A...658A..57M,1.099,61.11,9.58E-11,30.58,399.6,8.15,0.165,14190-2549,A,3.60,7.57,N,_,C
TIC_441709021,HIP_70497_,A,HD_126660_A,HR_5404_A,GJ_549A_,tet_Boo_A,Theta_Bootis_A,14.5307,68.8200,0.1400,2007A&A...474..653V,216.29915429,51.85074358,4.052,0.010,1997HIP...C......0E,0.497,0.005,1997HIP...C......0E,3.760,2010PASP..122.1437P,F7V,2001AJ....121.2148G,6280,16,2022A&A...663A...4S,0.6054,0.0077,2017ApJ...836...77Y,1.696,1.086,1.33,-0.030,0.020,[Fe/H],2022A&A...663A...4S,4.230,0.060,2022A&A...663A...4S,-4.361,2013A&A...552A..27M,2.008,138.18,2.87E-11,30.12,901.1,5.51,0.312,14252+5151,A,70.20,7.36,Y,2020AJ....159..177E,C
TIC_157966796,HIP_71284_,_,HD_128167_,HR_5447_,GJ_557_,sig_Boo,Sigma_Bootis,15.7560,63.4679,0.1173,2022yCat.1355....0G,218.67007244,29.74512713,4.465,0.005,1998A&AS..129..431H,0.364,0.005,1997HIP...C......0E,4.230,2010PASP..122.1437P,F4VkF2mF1,2001AJ....121.2148G,6745,73,2013ApJ...764...78R,0.5027,0.0179,2019AJ....158..138S,1.306,0.771,1.39,-0.410,0.070,[Fe/H],2013ApJ...764...78R,4.260,0.030,2013ApJ...764...78R,-4.507,2018A&A...616A.108B,1.784,113.21,3.64E-11,30.33,738.1,5.72,0.245,14347+2945,A,214.50,6.16,Y,2016A&A...593A..51M,B
TIC_471011144,HIP_71681_,_,HD_128621_,HR_5460_,GJ_559B_,alf_Cen_B,Toliman,1.3319,750.8100,0.3800,2021AJ....162...14A,219.89609629,-60.83752757,1.350,0.010,1997HIP...C......0E,0.868,0.022,1997A&AS..124..349M,0.866,1990A&AS...83..357B,K1V,1975MSS...C01....0H,5244,13,2022A&A...663A...4S,-0.2984,0.0060,2017A&A...597A.137K,0.859,6.000,0.94,0.240,0.010,[Fe/H],2022A&A...663A...4S,4.540,0.030,2022A&A...663A...4S,-4.960,2021A&A...646A..77G,0.709,532.49,2.30E-10,24.96,225.3,11.04,1.706,14396-6050,B,5.30,-1.34,N,_,B
TIC_471011145,HIP_71683_,_,HD_128620_,HR_5459_,GJ_559A_,alf_Cen_A,Rigil_Kentaurus,1.3319,750.8100,0.3800,2021AJ....162...14A,219.90205833,-60.83399269,0.002,0.008,1997A&AS..124..349M,0.653,0.023,1997A&AS..124..349M,-0.352,1990A&AS...83..357B,G2V,2006AJ....132..161G,5776,16,2022A&A...663A...4S,0.1821,0.0043,2017A&A...597A.137K,1.231,8.600,1.11,0.200,0.010,[Fe/H],2022A&A...663A...4S,4.300,0.030,2022A&A...663A...4S,-5.084,2021A&A...646A..77G,1.233,925.96,7.61E-11,24.94,475.8,7.71,2.516,14396-6050,A,5.30,1.34,N,_,B
TIC_1101124559,HIP_72659_,B,HD_131156_B,HR_5544_B,GJ_566B_,xi_Boo_B,Xi_Bootis_B,6.7486,148.1793,0.0546,2022yCat.1355....0G,222.84601534,19.10191326,6.979,0.037,1997A&AS..124..349M,1.164,0.021,1997HIP...C......0E,6.167,estimated,K5V,1981ApJS...45..437A1,4288,127,2019AJ....158..138S,-0.8882,0.0274,2019AJ....158..138S,0.652,0.898,0.67,0.144,0.012,[Fe/H],2022yCat.1355....0G,4.636,0.099,2019AJ....158..138S,-4.424,1996ApJ...457L..99B,0.360,53.30,8.95E-10,28.79,96.3,18.33,0.239,14514+1906,B,5.20,-2.19,N,_,C
TIC_1101124558,HIP_72659_,A,HD_131156_A,HR_5544_A,GJ_566A_,xi_Boo_A,Xi_Bootis_A,6.7536,148.0695,0.1317,2022yCat.1355....0G,222.84745194,19.10044994,4.540,0.010,1997HIP...C......0E,0.720,0.015,1997HIP...C......0E,4.251,estimated,G8-V,2003AJ....126.2048G,5487,19,2022A&A...663A...4S,-0.2572,0.0112,2019AJ....158..138S,0.823,1.133,0.96,-0.140,0.020,[Fe/H],2022A&A...663A...4S,4.540,0.030,2022A&A...663A...4S,-4.363,1996ApJ...457L..99B,0.744,110.12,2.09E-10,28.45,239.1,10.65,0.345,14514+1906,A,5.20,2.19,N,_,B
TIC_287157634,HIP_73184_,_,HD_131977_,HR_5568_A,GJ_570A_,KX_Lib,GJ_570A,5.8864,169.8843,0.0653,2022yCat.1355....0G,224.36666997,-21.41547980,5.724,0.001,1998A&AS..129..431H,1.108,0.008,1997yCat.2168....0M,4.935,1980SAAOC...1..166C,K4V,1989ApJS...71..245K,4632,15,2022A&A...663A...4S,-0.6526,0.0200,2019AJ....158..138S,0.732,1.157,0.72,0.020,0.040,[Fe/H],2022A&A...663A...4S,4.490,0.080,2022A&A...663A...4S,-4.484,1996AJ....111..439H,0.472,80.14,5.20E-10,28.14,139.5,15.44,0.334,14575-2125,A,26.20,2.3,N,_,A
TIC_229902025,HIP_73996_,_,HD_134083_,HR_5634_,GJ_578_,45_Boo,45_Bootis,19.5360,51.1875,0.0879,2022yCat.1355....0G,226.82527473,24.86919428,4.940,0.011,1998A&AS..129..431H,0.429,0.006,1997HIP...C......0E,4.664,estimated,F5V,2003AJ....126.2048G,6435,44,2005ApJS..159..141V,0.5125,0.0174,2019AJ....158..138S,1.451,0.691,1.33,-0.020,0.030,[Fe/H],2005ApJS..159..141V,4.190,0.060,2005ApJS..159..141V,-4.535,2018A&A...616A.108B,1.804,92.35,3.56E-11,30.79,767.5,5.81,0.209,15073+2452,A,103.40,6.56,N,_,B
TIC_136916387,HIP_75181_,_,HD_136352_,HR_5699_,GJ_582_,nu2_Lup,Nu2_Lupi,14.7391,67.8467,0.0601,2022yCat.1355....0G,230.45062463,-48.31763053,5.655,0.005,1998A&AS..129..431H,0.639,0.003,1997HIP...C......0E,5.285,1980SAAOC...1..166C,G2.5V_Hdel1,2006AJ....132..161G,5685,17,2022A&A...663A...4S,0.0124,0.0110,2019AJ....158..138S,1.046,0.660,1.02,-0.340,0.010,[Fe/H],2022A&A...663A...4S,4.370,0.040,2022A&A...663A...4S,-4.932,2010ApJ...725..875I,1.014,68.82,1.12E-10,30.16,369.5,8.85,0.203,_,_,_,_,N,_,B
TIC_459427073,HIP_77052_,A,HD_140538_A,HR_5853_A,GJ_9527A,psi_Ser_A,Psi_Serpentis_A,14.7927,67.6007,0.0360,2022yCat.1355....0G,236.00757737,2.51516683,5.869,0.001,1998A&AS..129..431H,0.684,0.002,1997HIP...C......0E,5.490,2010PASP..122.1437P,G5V,2001AJ....121.2148G,5682,12,2022A&A...663A...4S,-0.0788,0.0105,2013ApJ...771...40B,0.942,0.592,0.94,0.050,0.010,[Fe/H],2022A&A...663A...4S,4.470,0.030,2022A&A...663A...4S,-4.740,2018ApJ...855...75R,0.913,61.74,1.39E-10,30.13,328.8,9.71,0.197,15440+0231,A,4.60,6.05,N,_,B
TIC_296740796,HIP_77257_,_,HD_141004_,HR_5868_,GJ_598_,lam_Ser,Lambda_Serpentis,11.9159,83.9214,0.1501,2022yCat.1355....0G,236.61089255,7.35306872,4.422,0.004,1998A&AS..129..431H,0.603,0.007,1997yCat.2168....0M,4.075,1980SAAOC...1..166C,G0-V(k),1989ApJS...71..245K,5898,10,2022A&A...663A...4S,0.3018,0.0128,2019AJ....158..138S,1.356,1.058,1.09,-0.010,0.010,[Fe/H],2022A&A...663A...4S,4.180,0.020,2022A&A...663A...4S,-5.004,1996ApJ...457L..99B,1.415,118.79,5.78E-11,29.67,589.2,7.25,0.327,_,_,_,_,N,_,A
TIC_179348425,HIP_77358_,A,HD_140901_A,HR_5864_A,GJ_599A_,_,GJ_599A,15.2465,65.5889,0.0342,2022yCat.1355....0G,236.87125423,-37.91631192,6.012,0.000,1998A&AS..129..431H,0.718,0.004,1997yCat.2168....0M,5.612,1980SAAOC...1..166C,G7IV-V,2006AJ....132..161G,5602,14,2022A&A...663A...4S,-0.0878,0.0106,2019AJ....158..138S,0.959,0.585,0.96,0.100,0.020,[Fe/H],2022A&A...663A...4S,4.470,0.030,2022A&A...663A...4S,-4.783,2018A&A...616A.108B,0.904,59.28,1.42E-10,30.23,320.3,9.66,0.185,15475-3755,A,15.20,7.21,N,_,C
TIC_157364190,HIP_77760_,_,HD_142373_,HR_5914_,GJ_602_,chi_Her,Chi_Herculis,15.8975,62.9028,0.0807,2022yCat.1355....0G,238.16892104,42.45151747,4.608,0.007,1998A&AS..129..431H,0.559,0.012,1997yCat.2168....0M,4.200,2010PASP..122.1437P,G0V_Fe+0.4,2003AJ....126.2048G,5820,30,2022A&A...663A...4S,0.4964,0.0116,2019AJ....158..138S,1.742,1.019,1.08,-0.470,0.020,[Fe/H],2022A&A...663A...4S,4.060,0.040,2022A&A...663A...4S,-5.042,1996ApJ...457L..99B,1.771,111.39,3.69E-11,30.28,828.3,6.51,0.310,_,_,_,_,N,_,A
TIC_377415363,HIP_78072_,_,HD_142860_,HR_5933_,GJ_603_,gam_Ser,Gamma_Serpentis,11.2537,88.8600,0.1800,2007A&A...474..653V,239.11326123,15.66161681,3.843,0.001,1998A&AS..129..431H,0.478,0.006,1997HIP...C......0E,3.504,estimated,F6V,2001AJ....121.2148G,6285,13,2022A&A...663A...4S,0.4827,0.0073,2012ApJ...757..112B,1.470,1.215,1.25,-0.180,0.010,[Fe/H],2022A&A...663A...4S,4.140,0.030,2022A&A...663A...4S,-4.820,2004ApJS..152..261W,1.743,154.91,3.81E-11,29.55,752.0,6.10,0.372,15565+1540,A,313.40,7.61,N,_,A
TIC_458494003,HIP_78459_,_,HD_143761_,HR_5968_,GJ_9537_,rho_CrB,Rho_Coronae_Borealis,17.5108,57.1076,0.0508,2022yCat.1355....0G,240.26108537,33.30351096,5.410,0.008,1998A&AS..129..431H,0.601,0.010,1997HIP...C......0E,5.010,2010PASP..122.1437P,G0IV,1989ApJS...71..245K,5812,11,2022A&A...663A...4S,0.2582,0.0120,2019AJ....158..138S,1.328,0.705,0.97,-0.220,0.010,[Fe/H],2022A&A...663A...4S,4.250,0.030,2022A&A...663A...4S,-5.039,1996ApJ...457L..99B,1.346,76.87,6.39E-11,30.50,579.2,7.88,0.238,16010+3318,A,141.50,5.04,N,_,B
TIC_135656809,HIP_79672_,_,HD_146233_,HR_6060_,GJ_616_,18_Sco,18_Scorpiii,14.1369,70.7371,0.0631,2022yCat.1355....0G,243.90529281,-8.36943948,5.496,0.006,1998A&AS..129..431H,0.652,0.009,1997HIP...C......0E,5.127,1980SAAOC...1..166C,G3+V,1989ApJS...71..245K,5785,12,2022A&A...663A...4S,0.0391,0.0112,2019AJ....158..138S,1.041,0.685,1.02,0.030,0.010,[Fe/H],2022A&A...663A...4S,4.430,0.020,2022A&A...663A...4S,-4.930,2018ApJ...855...75R,1.046,73.99,1.06E-10,30.07,386.9,8.71,0.218,16156-0822,A,49.70,7.8,N,_,A
TIC_350673608,HIP_80337_,_,HD_147513_,HR_6094_,GJ_9559_,_,HR_6094,12.8923,77.5655,0.0661,2022yCat.1355....0G,246.00537974,-39.19298053,5.370,0.005,1998A&AS..129..431H,0.625,0.008,1997HIP...C......0E,5.010,2010PASP..122.1437P,G1V_CH-0.4(k),2006AJ....132..161G,5868,12,2022A&A...663A...4S,0.0003,0.0121,2019AJ....158..138S,0.968,0.698,1.07,0.050,0.010,[Fe/H],2022A&A...663A...4S,4.530,0.020,2022A&A...663A...4S,-4.450,2005A&A...443..609S,1.000,77.60,1.16E-10,29.85,353.3,8.70,0.218,16240-3912,A,345.00,5.53,N,_,A
TIC_58092025,HIP_81300_,_,HD_149661_,HR_6171_,GJ_631_,12_Oph,12_Ophiuchi,9.8939,101.0719,0.0501,2022yCat.1355....0G,249.08937371,-2.32458695,5.764,0.002,1998A&AS..129..431H,0.827,0.012,1997HIP...C......0E,5.305,1980SAAOC...1..166C,K0V(k),2006AJ....132..161G,5262,11,2022A&A...663A...4S,-0.3352,0.0086,2019AJ....158..138S,0.818,0.769,0.87,0.030,0.010,[Fe/H],2022A&A...663A...4S,4.520,0.020,2022A&A...663A...4S,-4.583,1996ApJ...457L..99B,0.680,68.71,2.50E-10,29.31,219.5,11.70,0.237,16364-0219,A,137.90,7.64,N,_,A
TIC_1277142191,HIP_84405_,A,HD_155886_,HR_6402_,GJ_663A_,36_Oph_A,Guniibuu,5.9523,168.0031,0.1343,2022yCat.1355....0G,258.83659854,-26.60169922,5.070,0.010,1997HIP...C......0E,0.850,_,1997HIP...C......0E,4.583,estimated,K1V,1981ApJS...45..437A,5132,26,2022A&A...663A...4S,-0.4848,0.0112,2019AJ....158..138S,0.724,1.131,0.85,-0.220,0.060,[Fe/H],2022A&A...663A...4S,4.530,0.070,2022A&A...663A...4S,-4.570,1996ApJ...457L..99B,0.572,96.14,3.53E-10,28.21,171.5,12.90,0.340,17153-2636,A,5.10,0.04,N,_,B
TIC_1277142190,HIP_84405_,B,HD_155885_,HR_6401_,GJ_663B_,36_Oph_B,Guniibuu_B,5.9478,168.1303,0.1081,2022yCat.1355....0G,258.83743261,-26.60282596,5.110,0.010,1997HIP...C......0E,0.860,_,1997HIP...C......0E,4.586,estimated,K1V,1981ApJS...45..437A,5144,31,2022A&A...663A...4S,-0.4788,0.0111,2019AJ....158..138S,0.725,1.134,0.85,-0.220,0.030,[Fe/H],2022A&A...663A...4S,4.590,0.050,2022A&A...663A...4S,-4.559,1996ApJ...457L..99B,0.576,96.88,3.49E-10,28.23,173.3,12.86,0.342,17153-2636,B,5.10,-0.04,N,_,B
TIC_79841001,HIP_84478_,_,HD_156026_,_,GJ_664_,36_Oph_C,Guniibuu_C,5.9537,167.9617,0.0311,2022yCat.1355....0G,259.05567673,-26.54614905,6.295,0.000,1998A&AS..129..431H,1.144,0.015,1997A&AS..124..349M,5.618,1980SAAOC...1..166C,K5V(k),2006AJ....132..161G,4476,24,2022A&A...663A...4S,-0.8027,0.0273,2019AJ....158..138S,0.660,1.031,0.68,-0.210,0.030,[Fe/H],2022A&A...663A...4S,4.570,0.060,2022A&A...663A...4S,-4.662,1996ApJ...457L..99B,0.397,66.66,7.35E-10,28.45,110.7,17.32,0.294,17153-2636,C,731.60,-1.34,N,_,A
TIC_217157387,HIP_84720_,A,HD_156274_A,HR_6416_,GJ_666A_,41_Ara_A,41_Arae_A,8.7911,113.7513,0.0726,2022yCat.1355....0G,259.76598980,-46.63623345,5.472,0.003,1998A&AS..129..431H,0.777,0.005,1997HIP...C......0E,5.008,1980SAAOC...1..166C,G9V,1984ApJS...55..657C,5235,20,2022A&A...663A...4S,-0.3452,0.0095,2019AJ....158..138S,0.817,0.864,0.90,-0.350,0.020,[Fe/H],2022A&A...663A...4S,4.560,0.040,2022A&A...663A...4S,-4.941,2018A&A...616A.108B,0.672,76.45,2.56E-10,28.99,212.1,11.57,0.255,17191-4638,A,10.60,3.27,N,_,B
TIC_9728611,HIP_84862_,_,HD_157214_,HR_6458_,GJ_672_,72_Her,72_Herculis,14.5863,68.5575,0.0553,2022yCat.1355....0G,260.16486437,32.46774388,5.385,0.002,1998A&AS..129..431H,0.619,0.003,1997HIP...C......0E,5.040,2010PASP..122.1437P,G0V,2001AJ....121.2148G,5704,13,2022A&A...663A...4S,0.1106,0.0118,2019AJ....158..138S,1.163,0.742,0.94,-0.390,0.010,[Fe/H],2022A&A...663A...4S,4.330,0.030,2022A&A...663A...4S,-4.993,2010ApJ...725..875I,1.136,77.87,8.97E-11,30.16,456.0,8.71,0.249,17207+3228,A,302.20,4.91,Y,2020AJ....159..177E,C
TIC_75899957,HIP_84893_,A,HD_156897_A,HR_6445_A,GJ_670A_,xi_Oph_A,Aggia,17.5187,57.0820,0.1851,2022yCat.1355....0G,260.25156050,-21.11293639,4.389,0.013,1997A&AS..124..349M,0.384,0.010,1997A&AS..124..349M,4.160,1980SAAOC...1..166C,F2V,2006AJ....132..161G,6756,80,2011A&A...530A.138C,0.6161,0.0182,2019AJ....158..138S,1.484,0.788,1.44,-0.250,0.040,[Fe/H],2016ApJ...826..171G,4.254,0.090,2019AJ....158..138S,_,_,2.033,116.03,2.80E-11,30.54,882.1,5.26,0.242,17210-2107,A,4.10,4.5,N,_,C
TIC_219880402,HIP_85235_,_,HD_158633_,HR_6518_,GJ_675_,_,HR_6518,12.7919,78.1747,0.0226,2022yCat.1355....0G,261.25040726,67.30670798,6.443,0.005,1998A&AS..129..431H,0.759,0.003,1997HIP...C......0E,5.950,2010PASP..122.1437P,K0V,1967AJ.....72.1334C,5302,16,2022A&A...663A...4S,-0.3843,0.0098,2019AJ....158..138S,0.761,0.554,0.87,-0.460,0.010,[Fe/H],2022A&A...663A...4S,4.580,0.040,2022A&A...663A...4S,-4.959,2010ApJ...725..875I,0.642,50.22,2.80E-10,29.83,201.6,12.04,0.173,_,_,_,_,N,_,C
TIC_96745915,HIP_86486_,_,HD_160032_,HR_6569_,GJ_9597_,lam_Ara,Lambda_Arae,20.9624,47.7045,0.1368,2022yCat.1355....0G,265.09927324,-49.41558313,4.762,0.006,1997A&AS..124..349M,0.401,0.002,1997A&AS..124..349M,4.466,estimated,F4V,1989AJ.....98.1049G,6620,80,2011A&A...530A.138C,0.6579,0.0174,2019AJ....158..138S,1.621,0.719,1.39,-0.220,0.080,[Fe/H],2016ApJ...826..171G,4.161,0.084,2019AJ....158..138S,-4.665,2012AJ....143..135V,2.133,101.74,2.54E-11,30.95,965.0,5.23,0.220,_,_,_,_,Y,2018MNRAS.475.3046S,C
TIC_238115675,HIP_86736_,_,HD_160915_,HR_6595_,GJ_692_,58_Oph,58_Ophiuchi,17.6523,56.6500,0.2400,2007A&A...474..653V,265.85748000,-21.68319300,4.860,0.010,1997HIP...C......0E,0.469,0.015,1997HIP...C......0E,4.585,1980SAAOC...1..166C,F5V,2006AJ....132..161G,6404,36,2022A&A...663A...4S,0.4315,0.0168,2019AJ....158..138S,1.335,0.703,1.33,-0.110,0.040,[Fe/H],2022A&A...663A...4S,4.260,0.080,2022A&A...663A...4S,-4.698,2006AJ....132..161G,1.643,93.10,4.28E-11,30.51,667.2,6.09,0.210,17434-2141,_,0.00,1.8,N,_,C
TIC_362661163,HIP_86796_,_,HD_160691_,HR_6585_,GJ_691_,mu_Ara,Cervantes,15.6042,64.0853,0.0904,2022yCat.1355....0G,266.03626309,-51.83405322,5.124,0.002,1998A&AS..129..431H,0.700,0.000,1997yCat.2168....0M,4.735,1980SAAOC...1..166C,G3V,2006AJ....132..161G,5761,11,2022A&A...663A...4S,0.2785,0.0112,2019AJ....158..138S,1.383,0.824,1.00,0.290,0.010,[Fe/H],2022A&A...663A...4S,4.250,0.020,2022A&A...663A...4S,-5.040,2005A&A...443..609S,1.378,88.31,6.09E-11,30.27,590.8,7.67,0.265,_,_,_,_,N,_,B
TIC_1674663309,HIP_88601_,A,HD_165341_A,HR_6752_A,GJ_702A_,70_Oph_A,70_Ophiuchi_A,5.1133,195.5674,0.1964,2022yCat.1355....0G,271.36353505,2.50014628,4.220,0.010,1997HIP...C......0E,0.863,0.010,1997yCat.2168....0M,3.748,estimated,K0-V,1989ApJS...71..245K,5298,32,2022A&A...663A...4S,-0.2743,0.0172,2017ApJ...836...77Y,0.865,1.574,0.88,0.060,0.030,[Fe/H],2022A&A...663A...4S,4.520,0.050,2022A&A...663A...4S,-4.548,1996ApJ...457L..99B,0.729,142.61,2.18E-10,27.90,242.5,11.23,0.487,18055+0230,A,6.60,1.95,N,_,B
TIC_398120047,HIP_88601_,B,HD_165341_B,HR_6752_B,GJ_702B_,70_Oph_B,70_Ophiuchi_B,5.1225,195.2166,0.1012,2018A&A...616A...1G,271.36442890,2.49894700,6.061,0.020,2008A&A...482..631E,1.150,_,1965AJ.....70...19E,5.275,estimated,K4V,1967AJ.....72.1334C,4475,33,2015ApJ...800...85N,-0.7843,0.0238,2019AJ....158..138S,0.674,1.224,0.78,0.030,0.100,[Fe/H],2017ApJ...836...77Y,4.640,0.020,2017ApJ...836...77Y,-4.710,1996ApJ...457L..99B,0.405,79.14,7.04E-10,28.16,106.7,16.01,0.305,18055+0230,B,6.60,-1.95,N,_,B
TIC_329574145,HIP_88694_,A,HD_165185_,HR_6748_,GJ_702.1_,_,HR_6748,17.1146,58.4296,0.0404,2022yCat.1355....0G,271.59883133,-36.01978628,5.949,0.002,1998A&AS..129..431H,0.618,0.004,1997yCat.2168....0M,5.600,estimated,G0V,2006AJ....132..161G,5892,36,2022A&A...663A...4S,0.0186,0.0126,2019AJ....158..138S,0.980,0.533,1.08,-0.050,0.040,[Fe/H],2022A&A...663A...4S,4.380,0.090,2022A&A...663A...4S,-4.406,2003AJ....125.1980K,1.022,59.69,1.11E-10,30.49,362.9,8.57,0.166,18064-3601,A,12.30,7,N,_,C
TIC_75946144,HIP_88972_,_,HD_166620_,HR_6806_,GJ_706_,_,HR_6806,11.0959,90.1234,0.0156,2022yCat.1355....0G,272.40590088,38.45777723,6.377,0.003,1998A&AS..129..431H,0.876,0.007,1997HIP...C......0E,5.890,2010PASP..122.1437P,K2V,2003AJ....126.2048G,5028,17,2022A&A...663A...4S,-0.4401,0.0109,2019AJ....158..138S,0.794,0.666,0.78,-0.180,0.020,[Fe/H],2022A&A...663A...4S,4.500,0.030,2022A&A...663A...4S,-4.955,1996ApJ...457L..99B,0.603,54.30,3.19E-10,29.63,193.4,13.13,0.209,18096+3827,A,769.20,12.77,N,_,C
TIC_303704858,HIP_89042_,_,HD_165499_,HR_6761_,GJ_9616_,iot_Pav,Iota_Pavonis,17.7532,56.3280,0.1231,2018A&A...616A...1G,272.60897375,-62.00222005,5.469,0.001,1998A&AS..129..431H,0.587,0.005,1997yCat.2168....0M,5.120,2010PASP..122.1437P,G0V,2006AJ....132..161G,5951,29,2022A&A...663A...4S,0.2384,0.0125,2019AJ....158..138S,1.238,0.648,1.08,-0.070,0.060,[Fe/H],2022A&A...663A...4S,4.290,0.070,2022A&A...663A...4S,-4.854,2018A&A...616A.108B,1.316,74.12,6.68E-11,30.56,530.5,7.55,0.206,_,_,_,_,N,_,B
TIC_233121747,HIP_89348_,_,HD_168151_,HR_6850_,GJ_9619_,36_Dra,36_Draconis,23.1569,43.1837,0.0940,2022yCat.1355....0G,273.47430336,64.39728493,4.990,0.010,1997HIP...C......0E,0.440,0.002,1997HIP...C......0E,4.690,estimated,F5V,1976PASP...88...95C,6473,38,2022A&A...663A...4S,0.6202,0.0154,2017ApJ...836...77Y,1.624,0.652,1.33,-0.290,0.020,[Fe/H],2022A&A...663A...4S,4.090,0.040,2022A&A...663A...4S,-4.545,2018A&A...616A.108B,2.042,88.19,2.77E-11,31.08,924.3,5.46,0.199,18139+6424,A,3.40,6.03,N,_,C
TIC_359981217,HIP_95447_,_,HD_182572_,HR_7373_,GJ_759_,31_Aql,31_Aquilae,14.9220,67.0153,0.0657,2022yCat.1355....0G,291.24249988,11.94441347,5.169,0.010,1998A&AS..129..431H,0.761,0.018,1997A&AS..124..349M,4.660,2010PASP..122.1437P,G7IV-V,1989ApJS...71..245K,5593,19,2022A&A...663A...4S,0.2330,0.0096,2019AJ....158..138S,1.393,0.868,0.95,0.380,0.010,[Fe/H],2022A&A...663A...4S,4.190,0.030,2022A&A...663A...4S,-5.099,1996ApJ...457L..99B,1.308,87.63,6.77E-11,30.08,560.4,8.07,0.277,19250+1157,A,4.20,6.47,N,_,C
TIC_259237827,HIP_96100_,_,HD_185144_,HR_7462_,GJ_764_,sig_Dra,Alsafi,5.7639,173.4939,0.0748,2022yCat.1355....0G,293.08995921,69.66117661,4.672,0.003,1998A&AS..129..431H,0.786,0.007,1997HIP...C......0E,4.210,2010PASP..122.1437P,K0V,1989ApJS...71..245K,5298,14,2022A&A...663A...4S,-0.3624,0.0116,2019AJ....158..138S,0.782,1.262,0.87,-0.210,0.010,[Fe/H],2022A&A...663A...4S,4.520,0.020,2022A&A...663A...4S,-4.832,1996ApJ...457L..99B,0.659,114.32,2.67E-10,28.15,209.4,11.89,0.395,19324+6940,A,11.00,18.04,N,_,A
TIC_58445695,HIP_97295_,A,HD_187013_,HR_7534_A,GJ_9670A_,17_Cyg_A,17_Cygni_A,20.9857,47.6516,0.0675,2022yCat.1355....0G,296.60666687,33.72759820,5.005,0.004,1998A&AS..129..431H,0.476,0.004,1997HIP...C......0E,4.697,estimated,F5.5IV-V,2003AJ....126.2048G,6455,28,2005PASJ...57...27T,0.5485,0.0156,2019AJ....158..138S,1.503,0.666,1.29,0.030,0.030,[Fe/H],2005PASJ...57...27T,4.260,0.060,2005PASJ...57...27T,-4.922,1996ApJ...457L..99B,1.880,89.61,3.27E-11,30.91,829.3,5.78,0.209,19464+3344,A,25.90,4.19,N,_,C
TIC_408842743,HIP_97675_,A,HD_187691_A,HR_7560_,GJ_9671_A,omi_Aql_A,Omicron_Aquilae_A,19.4881,51.3133,0.0898,2022yCat.1355....0G,297.75684873,10.41572013,5.122,0.003,1998A&AS..129..431H,0.551,0.002,1997HIP...C......0E,4.783,estimated,F8V,2001AJ....121.2148G,6134,12,2022A&A...663A...4S,0.4525,0.0143,2019AJ....158..138S,1.491,0.711,1.25,0.120,0.010,[Fe/H],2022A&A...663A...4S,4.220,0.030,2022A&A...663A...4S,-5.100,2018ApJ...855...75R,1.684,86.40,4.08E-11,30.76,713.7,6.20,0.208,19510+1025,A,21.50,8.59,N,_,B
TIC_105999792,HIP_98767_,_,HD_190360_,HR_7670_,GJ_777A_,_,GJ_777A,16.0035,62.4865,0.0354,2022yCat.1355....0G,300.90585453,29.89680345,5.745,0.007,1998A&AS..129..431H,0.749,0.001,1997HIP...C......0E,5.300,2010PASP..122.1437P,G7V,2006AJ....132..161G,5563,11,2022A&A...663A...4S,0.0665,0.0097,2019AJ....158..138S,1.162,0.675,0.96,0.220,0.010,[Fe/H],2022A&A...663A...4S,4.320,0.020,2022A&A...663A...4S,-5.102,1996ApJ...457L..99B,1.080,67.46,9.93E-11,30.31,418.1,8.84,0.211,20036+2954,A,178.10,9.07,N,_,B
TIC_352402781,HIP_98959_,_,HD_189567_,HR_7644_,GJ_776_,_,GJ_776,17.9323,55.7654,0.0245,2022yCat.1355....0G,301.38652287,-67.32089615,6.070,0.010,1997HIP...C......0E,0.646,0.005,1997yCat.2168....0M,5.705,1980SAAOC...1..166C,G2V_Fe-1.0,2006AJ....132..161G,5730,15,2022A&A...663A...4S,0.0153,0.0112,2019AJ....158..138S,1.033,0.536,1.02,-0.190,0.040,[Fe/H],2022A&A...663A...4S,4.420,0.030,2022A&A...663A...4S,-4.860,1996AJ....111..439H,1.018,56.75,1.12E-10,30.58,371.3,8.83,0.167,_,_,_,_,N,_,C
TIC_409891396,HIP_99240_,_,HD_190248_,HR_7665_,GJ_780_,del_Pav,Delta_Pavonis,6.0993,163.9544,0.1222,2022yCat.1355....0G,302.18170363,-66.18206744,3.556,0.010,1997A&AS..124..349M,0.760,0.002,1997A&AS..124..349M,3.135,1980SAAOC...1..166C,G8IV-V,2006AJ....132..161G,5576,17,2022A&A...663A...4S,0.0969,0.0107,2019AJ....158..138S,1.198,1.827,0.94,0.350,0.010,[Fe/H],2022A&A...663A...4S,4.290,0.020,2022A&A...663A...4S,-4.999,1996AJ....111..439H,1.118,183.29,9.26E-11,28.22,445.3,8.78,0.586,_,_,_,_,N,_,A
TIC_389198736,HIP_99461_,A,HD_191408_A,HR_7703_A,GJ_783A_,_,GJ_783A,6.0122,166.3272,0.1065,2022yCat.1355....0G,302.79974487,-36.10120881,5.297,0.004,1998A&AS..129..431H,0.868,0.018,1997HIP...C......0E,4.790,1980SAAOC...1..166C,K2.5V,2006AJ....132..161G,4980,19,2022A&A...663A...4S,-0.5481,0.0120,2019AJ....158..138S,0.715,1.106,0.76,-0.520,0.030,[Fe/H],2022A&A...663A...4S,4.620,0.040,2022A&A...663A...4S,-4.982,2010ApJ...725..875I,0.532,88.50,4.09E-10,28.26,162.6,14.15,0.350,20112-3606	,A,4.30,6.19,N,_,C
TIC_326096771,HIP_99825_,_,HD_192310_,HR_7722_,GJ_785_,_,HR_7722,8.8116,113.4872,0.0516,2022yCat.1355....0G,303.82246407,-27.03297545,5.730,0.003,1998A&AS..129..431H,0.878,0.018,1997HIP...C......0E,5.230,1980SAAOC...1..166C,K2+V,2006AJ....132..161G,5087,11,2022A&A...663A...4S,-0.3936,0.0107,2019AJ....158..138S,0.818,0.864,0.77,0.030,0.020,[Fe/H],2022A&A...663A...4S,4.480,0.020,2022A&A...663A...4S,-5.011,2010ApJ...725..875I,0.636,72.14,2.86E-10,29.09,210.9,12.86,0.281,_,_,_,_,N,_,A
TIC_403585118,HIP_100017_,_,HD_193664_,HR_7783_,GJ_788_,_,HR_7783,17.4813,57.2041,0.0208,2022yCat.1355....0G,304.38053380,66.85368902,5.922,0.004,1998A&AS..129..431H,0.602,0.004,1997HIP...C......0E,5.580,2010PASP..122.1437P,G0V,2003AJ....126.2048G,5930,18,2022A&A...663A...4S,0.0458,0.0120,2019AJ....158..138S,0.999,0.531,1.08,-0.100,0.020,[Fe/H],2022A&A...663A...4S,4.480,0.030,2022A&A...663A...4S,-4.927,2003AJ....126.2048G,1.054,60.30,1.04E-10,30.54,380.4,8.43,0.168,_,_,_,_,N,_,C
TIC_269995013,HIP_102485_,_,HD_197692_,HR_7936_,GJ_805_,psi_Cap,Psi_Capricorni,14.6334,68.3370,0.1823,2022yCat.1355....0G,311.52388594,-25.27089754,4.137,0.004,1998A&AS..129..431H,0.426,0.003,1997yCat.2168....0M,3.880,1980SAAOC...1..166C,F5V,2006AJ....132..161G,6638,80,2011A&A...530A.138C,0.5478,0.0178,2019AJ....158..138S,1.420,0.903,1.33,0.040,0.100,[Fe/H],2005AJ....129.1063L,4.238,0.082,2019AJ....158..138S,-4.040,2006AJ....132..161G,1.879,128.39,3.28E-11,30.09,815.6,5.69,0.290,20461-2516,A,11.40,12.4,N,_,C
TIC_29495621,HIP_103389_,_,HD_199260_,HR_8013_,GJ_811_,_,HR_8013,21.1021,47.3886,0.0696,2022yCat.1355....0G,314.19721527,-26.29637787,5.709,0.014,1998A&AS..129..431H,0.501,0.001,1997A&AS..124..349M,5.392,estimated,F6V,2006AJ....132..161G,6270,27,2022A&A...663A...4S,0.2889,0.0156,2019AJ....158..138S,1.182,0.521,1.20,-0.010,0.050,[Fe/H],2022A&A...663A...4S,4.350,0.070,2022A&A...663A...4S,-4.490,2010ApJ...725..875I,1.395,66.09,5.95E-11,30.96,549.1,6.96,0.165,_,_,_,_,Y,2018MNRAS.475.3046S,C
TIC_165602000,HIP_104214_,_,HD_201091_,HR_8085_,GJ_820A_,61_Cyg_A,61_Cygni_A,3.4966,285.9949,0.0599,2022yCat.1355....0G,316.72474829,38.74941732,5.211,0.003,1998A&AS..129..431H,1.069,0.015,1997HIP...C......0E,4.503,2022yCat.1360....0G,K5V,1989ApJS...71..245K,4441,37,2022A&A...663A...4S,-0.8466,0.0094,2017ApJ...836...77Y,0.637,1.695,0.68,-0.130,0.030,[Fe/H],2022A&A...663A...4S,4.510,0.040,2022A&A...663A...4S,-4.765,1996ApJ...457L..99B,0.377,107.91,8.13E-10,27.23,102.7,17.77,0.477,21069+3845,A,19.60,0.85,N,_,A
TIC_165602023,HIP_104217_,_,HD_201092_,HR_8086_,GJ_820B_,61_Cyg_B,61_Cygni_B,3.4964,286.0054,0.0289,2022yCat.1355....0G,316.73026602,38.74204403,6.043,0.002,1998A&AS..129..431H,1.309,0.012,1997HIP...C......0E,5.197,estimated,K7V,1989ApJS...71..245K,4107,51,2022A&A...663A...4S,-1.1091,0.0150,2017ApJ...836...77Y,0.551,1.465,0.63,-0.210,0.070,[Fe/H],2022A&A...663A...4S,4.470,0.080,2022A&A...663A...4S,-4.891,1996ApJ...457L..99B,0.279,79.77,1.49E-09,27.27,67.8,21.47,0.380,21069+3845,B,19.60,-0.85,N,_,A
TIC_159746875,HIP_105090_,_,HD_202560_,_,GJ_825_,AX_Mic,Lacaille_8760,3.9696,251.9124,0.0352,2022yCat.1355....0G,319.31362112,-38.86736221,6.648,0.002,1998A&AS..129..431H,1.397,0.002,1997HIP...C......0E,5.770,1980SAAOC...1..166C,M0V,2006A&A...460..695T,3599,52,2005ApJ...626..446R,-0.9803,0.0736,2019AJ....158..138S,0.832,1.949,0.49,-0.390,0.060,[Fe/H],2016ApJ...826..171G,4.780,0.020,2007ApJS..168..297T,-4.605,2018A&A...616A.108B,0.323,81.48,1.11E-09,28.16,96.0,22.61,0.499,_,_,_,_,N,_,A
TIC_265488188,HIP_105858_,_,HD_203608_,HR_8181_,GJ_827_,gam_Pav,Gamma_Pavonis,9.2584,108.0102,0.1061,2022yCat.1355....0G,321.61085409,-65.36619807,4.229,0.004,1998A&AS..129..431H,0.483,0.006,1997A&AS..124..349M,3.910,1980SAAOC...1..166C,F9V_Fe-1.4_CH-0.7,2006AJ....132..161G,6095,24,2022A&A...663A...4S,0.1660,0.0143,2019AJ....158..138S,1.086,1.091,1.14,-0.700,0.020,[Fe/H],2022A&A...663A...4S,4.300,0.040,2022A&A...663A...4S,-4.491,2006AJ....132..161G,1.211,130.75,7.90E-11,29.17,455.6,7.66,0.344,_,_,_,_,N,_,A
TIC_301880196,HIP_107350_,_,HD_206860_,HR_8314_,GJ_9751_,HN_Peg,HN_Pegasi,18.1330,55.1480,0.0348,2022yCat.1355....0G,326.13054144,14.77193980,5.942,0.011,1997A&AS..124..349M,0.587,0.002,1997A&AS..124..349M,5.590,2010PASP..122.1437P,G0IV-V,2003AJ....126.2048G,5939,21,2022A&A...663A...4S,0.0552,0.0128,2019AJ....158..138S,1.006,0.516,1.08,-0.060,0.020,[Fe/H],2022A&A...663A...4S,4.450,0.030,2022A&A...663A...4S,-4.416,1996ApJ...457L..99B,1.066,58.77,1.02E-10,30.57,386.6,8.39,0.163,21445+1446,A,3.00,16.1,Y,2008ApJ...674.1086T,C
TIC_147407292,HIP_107649_,_,HD_207129_,HR_8323_,GJ_838_,_,HR_8323,15.5589,64.2717,0.0430,2022yCat.1355....0G,327.06562985,-47.30361608,5.575,0.003,1998A&AS..129..431H,0.601,0.003,1997HIP...C......0E,5.235,1980SAAOC...1..166C,G0VmF2,2006AJ....132..161G,5935,15,2022A&A...663A...4S,0.0817,0.0125,2019AJ....158..138S,1.039,0.621,1.08,-0.030,0.020,[Fe/H],2022A&A...663A...4S,4.410,0.030,2022A&A...663A...4S,-4.800,1996AJ....111..439H,1.099,70.61,9.59E-11,30.28,404.7,8.26,0.196,21483-4718,A,79.00,3.12,Y,2010AJ....140.1051K,C
TIC_231698181,HIP_108870_,_,HD_209100_,HR_8387_,GJ_845A_,eps_Ind,Epsilon_Indi,3.6384,274.8431,0.0956,2022yCat.1355....0G,330.84022344,-56.78597855,4.674,0.005,1998A&AS..129..431H,1.060,0.007,1997yCat.2168....0M,4.065,1980SAAOC...1..166C,K4V(k),2006AJ....132..161G,4641,21,2022A&A...663A...4S,-0.6540,0.0210,2019AJ....158..138S,0.728,1.862,0.72,-0.130,0.030,[Fe/H],2022A&A...663A...4S,4.290,0.220,2022A&A...663A...4S,-4.559,1996AJ....111..439H,0.471,129.45,5.22E-10,27.27,139.1,15.46,0.540,22034-5647,A,403.10,19.17,N,_,A
TIC_97402436,HIP_109422_,_,HD_210302_,HR_8447_,GJ_9770_,tau_PsA,Tau_Piscis_Austrini,18.4579,54.1773,0.0940,2022yCat.1355....0G,332.53658414,-32.54840842,4.940,0.010,1997HIP...C......0E,0.488,0.004,1997yCat.2168....0M,4.630,2010PASP..122.1437P,F6V,2006AJ....132..161G,6364,28,2022A&A...663A...4S,0.4651,0.0157,2019AJ....158..138S,1.405,0.708,1.25,0.100,0.020,[Fe/H],2022A&A...663A...4S,4.200,0.040,2022A&A...663A...4S,-4.911,2010ApJ...725..875I,1.708,92.54,3.97E-11,30.63,729.4,6.16,0.222,_,_,_,_,N,_,A
TIC_259291108,HIP_110649_,A,HD_212330_A,HR_8531_A,GJ_857A,_,GJ_857A,20.3398,49.1648,0.1075,2022yCat.1355....0G,336.23486946,-57.79745589,5.318,0.002,1998A&AS..129..431H,0.665,0.012,1997HIP...C......0E,4.937,1980SAAOC...1..166C,G2V,2006AJ....132..161G,5660,18,2022A&A...663A...4S,0.4356,0.0116,2019AJ....158..138S,1.717,0.785,1.02,-0.030,0.030,[Fe/H],2022A&A...663A...4S,4.130,0.070,2022A&A...663A...4S,-5.070,1996AJ....111..439H,1.651,81.18,4.24E-11,30.87,767.3,6.94,0.239,22249-5748,A,23.60,7.68,N,_,B
TIC_69889261,HIP_111449_,A,HD_213845_A,HR_8592_A,GJ_9789A,ups_Aqr_A,Upsilon_Aquarii_A,23.0205,43.4396,0.0828,2022yCat.1355....0G,338.67348244,-20.70821581,5.210,0.010,1997HIP...C......0E,0.442,0.004,1997yCat.2168....0M,4.930,estimated,F5V,2006AJ....132..161G,6605,33,2022yCat.1355....0G,0.5383,0.0176,2019AJ....158..138S,1.419,0.573,1.35,0.030,0.060,[Fe/H],2016ApJ...826..171G,4.274,0.086,2019AJ....158..138S,-4.512,2009A&A...493.1099S,1.859,80.73,3.35E-11,31.12,796.5,5.68,0.180, 22347-2042,A,6.10,5.2,N,_,C
TIC_60716322,HIP_112447_,A,HD_215648_A,HR_8665_,GJ_872A_,xi_Peg_A,Xi_Pegasi_A,16.1509,61.9161,0.1739,2022yCat.1355....0G,341.67324939,12.17288579,4.200,0.010,1997HIP...C......0E,0.502,0.007,1997HIP...C......0E,3.910,2010PASP..122.1437P,F6V,2001AJ....121.2148G,6193,23,2022A&A...663A...4S,0.6576,0.0155,2018AJ....156..102S,1.852,1.066,1.25,-0.270,0.020,[Fe/H],2022A&A...663A...4S,4.070,0.050,2022A&A...663A...4S,-4.935,2018A&A...616A.108B,2.132,132.00,2.55E-11,30.40,1017.0,5.51,0.317,22467+1210,A,11.00,8.2,N,_,C
TIC_206686962,HIP_113283_,_,HD_216803_,HR_8721_,GJ_879_,TW_PsA,Fomalhaut_B,7.6015,131.5525,0.0275,2022yCat.1355....0G,344.10021899,-31.56556405,6.446,0.003,1998A&AS..129..431H,1.094,0.006,1997HIP...C......0E,5.800,1980SAAOC...1..166C,K4Ve,1989ApJS...71..245K,4601,29,2022A&A...663A...4S,-0.7070,0.0169,2019AJ....158..138S,0.697,0.853,0.72,0.040,0.030,[Fe/H],2022A&A...663A...4S,4.680,0.100,2022A&A...663A...4S,-4.349,2018A&A...616A.108B,0.443,58.29,5.89E-10,28.87,127.0,15.93,0.243,_,_,_,_,Y,2016A&A...593A..51M,B
TIC_155315739,HIP_114046_,_,HD_217987_,_,GJ_887_,_,Lacaille_9352 ,3.2871,304.2190,0.0451,2018A&A...616A...1G,346.46681577,-35.85307088,7.330,0.004,1998A&AS..129..431H,1.483,0.003,1997HIP...C......0E,6.360,1980SAAOC...1..166C,M1.0V,2012AJ....144...64D,3680,130,2005MNRAS.356..963W,-1.4378,0.0235,2017ApJ...836...77Y,0.470,1.330,0.49,-0.220,0.090,[Fe/H],2005MNRAS.356..963W,4.880,0.160,2005MNRAS.356..963W,-4.828,2018A&A...616A.108B,0.191,58.12,3.17E-09,27.61,43.6,29.42,0.356,23059-3551,A,0.10,_,N,_,B
TIC_283722336,HIP_114622_,_,HD_219134_,HR_8832_,GJ_892_,_,HR_8832,6.5418,152.8640,0.0494,2022yCat.1355....0G,348.32072900,57.16835662,5.540,0.009,1998A&AS..129..431H,1.000,0.000,1997HIP...C......0E,5.030,2010PASP..122.1437P,K3V,1989ApJS...71..245K,4874,28,2022A&A...663A...4S,-0.5753,0.0081,2017ApJ...836...77Y,0.723,1.028,0.75,0.060,0.020,[Fe/H],2022A&A...663A...4S,4.560,0.030,2022A&A...663A...4S,-4.922,2018A&A...616A.108B,0.516,78.82,4.35E-10,28.43,156.2,14.47,0.316,23133+5710,A,11.20,8.25,N,_,A
TIC_24467943,HIP_114924_,_,HD_219623_,HR_8853_,GJ_4324_,_,HR_8853,20.6102,48.5197,0.0463,2022yCat.1355....0G,349.17626483,53.21347482,5.580,0.010,1997HIP...C......0E,0.556,0.003,1997HIP...C......0E,5.280,2010PASP..122.1437P,F8V,2001AJ....121.2148G,6084,24,2022A&A...663A...4S,0.3101,0.0133,2019AJ....158..138S,1.286,0.580,1.18,0.030,0.020,[Fe/H],2022A&A...663A...4S,4.190,0.030,2022A&A...663A...4S,-4.993,2010ApJ...725..875I,1.429,69.34,5.67E-11,30.90,574.4,6.93,0.176,23167+5313,A,150.40,7.77,N,_,C
TIC_234968549,HIP_114948_,_,HD_219482_,HR_8843_,GJ_1282_,_,HR_8843,20.4426,48.9174,0.0356,2022yCat.1355....0G,349.24036453,-62.00119780,5.655,0.005,1998A&AS..129..431H,0.521,0.003,1997HIP...C......0E,5.360,2010PASP..122.1437P,F6V,2006AJ....132..161G,6280,31,2022A&A...663A...4S,0.2754,0.0158,2019AJ....158..138S,1.160,0.528,1.25,-0.030,0.130,[Fe/H],2022A&A...663A...4S,4.370,0.080,2022A&A...663A...4S,-4.434,2006AJ....132..161G,1.373,67.17,6.14E-11,30.89,525.6,6.87,0.161,23170-6200,A,10.20,12,Y,2018MNRAS.475.3046S,C
TIC_419919445,HIP_116771_,_,HD_222368_,HR_8969_,GJ_904_,iot_Psc,Iota_Piscium,13.7137,72.9200,0.1500,2007A&A...474..653V,354.98767240,5.62629098,4.132,0.005,1998A&AS..129..431H,0.507,0.006,1997HIP...C......0E,3.837,1980SAAOC...1..166C,F7V,2001AJ....121.2148G,6200,15,2022A&A...663A...4S,0.5275,0.0106,2017ApJ...836...77Y,1.591,1.079,1.21,-0.140,0.020,[Fe/H],2022A&A...663A...4S,4.150,0.030,2022A&A...663A...4S,-4.924,2010ApJ...725..875I,1.836,133.85,3.43E-11,30.00,825.8,6.04,0.332,23399+0538,A,122.60,9.92,Y,2016A&A...593A..51M,C